Pass 1 ,,Pass 2 ,,Already QA
0186193_1_4,,0186193_1_01,,0186193_1 7 
0186193_1_5,,0186193_1_02,,0224447_1 3 
0186193_1_6,,0186193_1_03,,0339350_1 3 
0186193_1_7,,0186193_1_04,,0354387_1 7 
0224447_1_3,,0224447_1_04,,0707077_1 3 
0224447_1_4,,0224447_1_03,,0707077_2 5 
0339350_1_3,,0339350_1_04,,0892919_1 5 
0339350_1_4,,0339350_1_03,,1158119_1 5 
0354387_1_4,,0354387_1_01,,1158119_3 7 
0354387_1_5,,0354387_1_02,,1229175_1 3 
0354387_1_6,,0354387_1_03,,1229175_2 6 
0354387_1_7,,0354387_1_04,,1229175_3 5 
0707077_1_3,,0707077_1_04,,1229175_4 7 
0707077_1_4,,0707077_1_03,,1229175_5 7 
0707077_2_4,,0707077_2_02,,1449400_1 3 
0707077_2_5,,0707077_2_04,,1449400_2 6 
0707077_2_6,,0707077_2_03,,1449400_4 7 
0892919_1_4,,0892919_1_02,,1482622_1 7 
0892919_1_5,,0892919_1_04,,1490862_1 3 
0892919_1_6,,0892919_1_03,,1490862_2 6 
1158119_1_2,,1158119_1_01,,1490862_4 7 
1158119_1_3,,1158119_1_02,,1576951_1 6 
1158119_1_5,,1158119_1_04,,1576951_2 6 
1158119_1_6,,1158119_1_03,,1576951_3 4 
1158119_2_4,,1158119_2_01,,1590923_1 4 
1158119_2_5,,1158119_2_02,,1590923_2 5 
1158119_2_6,,1158119_2_03,,1590923_4 6 
1158119_2_7,,1158119_2_04,,1590923_5 5 
1158119_3_4,,1158119_3_01,,1595295_1 5 
1158119_3_5,,1158119_3_02,,1656478_1 3 
1158119_3_6,,1158119_3_03,,1656478_2 4 
1158119_3_7,,1158119_3_04,,1656478_3 5 
1229175_1_3,,1229175_1_04,,1656478_5 6 
1229175_1_4,,1229175_1_03,,1710254_1 3 
1229175_2_2,,1229175_2_01,,1710254_2 3 
1229175_2_3,,1229175_2_02,,1710254_3 5 
1229175_2_4,,1229175_2_03,,1912951_1 2 
1229175_2_6,,1229175_2_04,,1912951_2 5 
1229175_3_4,,1229175_3_02,,1912951_3 7 
1229175_3_5,,1229175_3_04,,1912951_4 6 
1229175_3_6,,1229175_3_03,,1917602_1 6 
1229175_4_4,,1229175_4_01,,1917602_2 3 
1229175_4_5,,1229175_4_02,,1917602_3 5 
1229175_4_6,,1229175_4_03,,1917602_5 7 
1229175_4_7,,1229175_4_04,,1924837_1 6 
1229175_5_4,,1229175_5_01,,1939956_1 3 
1229175_5_5,,1229175_5_02,,1939956_2 3 
1229175_5_6,,1229175_5_03,,1939956_3 6 
1229175_5_7,,1229175_5_04,,1939956_5 6 
1449400_1_3,,1449400_1_04,,1965086_2 5 
1449400_1_4,,1449400_1_03,,1965086_3 6 
1449400_2_2,,1449400_2_01,,1970987_1 3 
1449400_2_3,,1449400_2_02,,1970987_2 4 
1449400_2_4,,1449400_2_03,,1970987_3 6 
1449400_2_6,,1449400_2_04,,1970987_5 6 
1449400_3_4,,1449400_3_01,,2037336_1 5 
1449400_3_5,,1449400_3_02,,2105688_1 5 
1449400_3_6,,1449400_3_03,,2105688_2 6 
1449400_3_8,,1449400_3_04,,2105688_3 6 
1449400_4_4,,1449400_4_01,,2116819_1 5 
1449400_4_5,,1449400_4_02,,2157366_1 
1449400_4_6,,1449400_4_03,,2157366_2 
1449400_4_7,,1449400_4_04,,2157366_3 6 
1482622_1_5,,1482622_1_01,,2158802_1 
1482622_1_6,,1482622_1_02,,2158802_2 
1482622_1_7,,1482622_1_04,,2158802_3 5 
1482622_1_8,,1482622_1_03,,2187115_1 
1490862_1_3,,1490862_1_04,,2187115_2 5 
1490862_1_4,,1490862_1_03,,2187115_4 5 
1490862_2_2,,1490862_2_01,,2187115_5 6 
1490862_2_4,,1490862_2_02,,2205440_1 3 
1490862_2_5,,1490862_2_03,,2232005_1 3 
1490862_2_6,,1490862_2_04,,2265709_1 5 
1490862_3_3,,1490862_3_01,,2265709_2 7 
1490862_3_4,,1490862_3_02,,2265709_3 6 
1490862_3_5,,1490862_3_03,,2266337_1 4 
1490862_3_6,,1490862_3_04,,2266337_2 5 
1490862_4_4,,1490862_4_01,,2266337_3 5 
1490862_4_5,,1490862_4_02,,2266337_4 6 
1490862_4_6,,1490862_4_03,,2266337_5 6 
1490862_4_7,,1490862_4_04,,2266337_6 6 
1576951_1_4,,1576951_1_01,,2340951_1 3 
1576951_1_5,,1576951_1_02,,2340951_2 
1576951_1_6,,1576951_1_04,,2340951_3 5 
1576951_1_7,,1576951_1_03,,2340951_5 6 
1576951_2_4,,1576951_2_01,,2352710_2 6 
1576951_2_5,,1576951_2_02,,2373944_1 3 
1576951_2_6,,1576951_2_04,,2373944_2 3 
1576951_2_7,,1576951_2_03,,2381448_1 3 
1576951_3_4,,1576951_3_04,,2381448_2 3 
1576951_3_5,,1576951_3_02,,2390176_1 3 
1590923_1_4,,1590923_1_04,,2449304_1 3 
1590923_1_5,,1590923_1_03,,2449304_2 2 
1590923_2_4,,1590923_2_02,,2449304_5 6 
1590923_2_5,,1590923_2_04,,2515143_1 4 
1590923_3_2,,1590923_3_01,,2515143_2 3 
1590923_3_3,,1590923_3_02,,2515143_3 5 
1590923_3_4,,1590923_3_03,,2515143_5 6 
1590923_3_7,,1590923_3_04,,2649718_1 5 
1590923_4_5,,1590923_4_02,,2649718_2 6 
1590923_4_6,,1590923_4_04,,2649718_3 6 
1590923_4_7,,1590923_4_03,,2729611_1 3 
1590923_5_3,,1590923_5_01,,2729611_2 3 
1590923_5_4,,1590923_5_02,,2729611_3 6 
1590923_5_5,,1590923_5_04,,2729611_5 6 
1590923_5_7,,1590923_5_03,,2769815_1 7 
1595295_1_3,,1595295_1_02,,2771482_1 
1595295_1_5,,1595295_1_04,,2810323_1 
1656478_1_3,,1656478_1_04,,2810323_2 2 
1656478_1_4,,1656478_1_03,,2810323_3 5 
1656478_2_4,,1656478_2_04,,2810323_5 6 
1656478_2_5,,1656478_2_03,,2810359_1 3 
1656478_3_4,,1656478_3_02,,2810359_2 4 
1656478_3_5,,1656478_3_04,,2810359_3 5 
1656478_3_6,,1656478_3_03,,2810359_5 6 
1656478_4_4,,1656478_4_01,,2816003_1 3 
1656478_4_8,,1656478_4_03,,2816003_2 5 
1656478_4_9,,1656478_4_04,,2816003_4 6 
1656478_5_4,,1656478_5_01,,2832422_1 5 
1656478_5_5,,1656478_5_02,,2832422_2 6 
1656478_5_6,,1656478_5_04,,2840698_2 6 
1656478_5_7,,1656478_5_03,,2840698_3 6 
1710254_1_3,,1710254_1_04,,2840698_4 7 
1710254_1_4,,1710254_1_03,,2840698_5 7 
1710254_2_3,,1710254_2_04,,2840698_6 5 
1710254_2_4,,1710254_2_03,,2901377_1 3 
1710254_3_4,,1710254_3_02,,2901377_2 3 
1710254_3_5,,1710254_3_04,,2901377_4 6 
1710254_3_6,,1710254_3_03,,2902023_2 6 
1710254_4_2,,1710254_4_01,,2902023_3 5 
1710254_4_4,,1710254_4_02,,2906181_1 3 
1710254_4_5,,1710254_4_03,,2906181_2 3 
1710254_4_7,,1710254_4_04,,2906181_3 5 
1912951_1_2,,1912951_1_04,,2906181_4 5 
1912951_1_3,,1912951_1_03,,2906211_1 6 
1912951_2_4,,1912951_2_02,,2920992_1 3 
1912951_2_5,,1912951_2_04,,2920992_2 3 
1912951_2_6,,1912951_2_03,,2920992_3 5 
1912951_3_4,,1912951_3_01,,2920992_5 6 
1912951_3_5,,1912951_3_02,,2923154_1 3 
1912951_3_6,,1912951_3_03,,2923154_2 3 
1912951_3_7,,1912951_3_04,,2923154_3 5 
1912951_4_4,,1912951_4_01,,2923154_5 6 
1912951_4_5,,1912951_4_02,,2923233_1 3 
1912951_4_6,,1912951_4_04,,2923233_2 3 
1912951_4_7,,1912951_4_03,,2923233_3 4 
1917602_1_2,,1917602_1_01,,2923233_4 7 
1917602_1_6,,1917602_1_04,,2923233_5 6 
1917602_2_3,,1917602_2_04,,2930146_1 3 
1917602_2_4,,1917602_2_03,,2930146_2 3 
1917602_3_5,,1917602_3_04,,2930146_3 6 
1917602_3_6,,1917602_3_03,,2930146_5 6 
1917602_3_8,,1917602_3_02,,2930407_1 3 
1917602_4_4,,1917602_4_01,,2930407_2 3 
1917602_4_5,,1917602_4_02,,2930407_3 6 
1917602_4_6,,1917602_4_03,,2930407_4 6 
1917602_4_8,,1917602_4_04,,2932015_1 3 
1917602_5_4,,1917602_5_01,,2932015_2 3 
1917602_5_5,,1917602_5_02,,2932015_3 5 
1917602_5_6,,1917602_5_03,,2932015_4 6 
1917602_5_7,,1917602_5_04,,2932015_5 6 
1924837_1_4,,1924837_1_01,,2932015_6 6 
1924837_1_5,,1924837_1_02,,2936331_1 4 
1924837_1_6,,1924837_1_04,,2936331_2 3 
1924837_1_7,,1924837_1_03,,2936331_3 5 
1939956_1_3,,1939956_1_04,,2936331_5 6 
1939956_1_4,,1939956_1_03,,2943402_1 3 
1939956_2_3,,1939956_2_04,,2943402_2 3 
1939956_2_4,,1939956_2_03,,2943402_3 5 
1939956_3_3,,1939956_3_01,,2943402_5 6 
1939956_3_4,,1939956_3_02,,2957632_1 3 
1939956_3_5,,1939956_3_03,,2957632_2 4 
1939956_3_6,,1939956_3_04,,2957772_1 3 
1939956_4_4,,1939956_4_01,,2957772_2 5 
1939956_4_5,,1939956_4_02,,2957772_3 6 
1939956_4_6,,1939956_4_03,,2957887_1 3 
1939956_4_7,,1939956_4_04,,2957887_2 3 
1939956_5_4,,1939956_5_01,,2957887_3 5 
1939956_5_5,,1939956_5_02,,2957887_5 
1939956_5_6,,1939956_5_04,,2959100_1 3 
1939956_5_7,,1939956_5_03,,2959100_2 3 
1965086_1_2,,1965086_1_01,,2959100_3 5 
1965086_1_3,,1965086_1_02,,2959100_5 6 
1965086_1_5,,1965086_1_03,,2984192_1 3 
1965086_1_7,,1965086_1_04,,2984192_2 6 
1965086_2_3,,1965086_2_01,,2996030_1 3 
1965086_2_4,,1965086_2_02,,2996030_2 2 
1965086_2_5,,1965086_2_04,,2996030_3 5 
1965086_2_6,,1965086_2_03,,2997538_1 5 
1965086_3_4,,1965086_3_01,,2997538_2 7 
1965086_3_5,,1965086_3_02,,3008162_1 5 
1965086_3_6,,1965086_3_04,,3013339_1 
1965086_3_7,,1965086_3_03,,3013339_2 2 
1970987_1_3,,1970987_1_04,,3013765_1 3 
1970987_1_4,,1970987_1_03,,3013765_2 3 
1970987_2_4,,1970987_2_04,,3013765_3 5 
1970987_2_5,,1970987_2_03,,3013765_4 7 
1970987_3_2,,1970987_3_01,,3014848_1 5 
1970987_3_4,,1970987_3_02,,3016511_1 3 
1970987_3_5,,1970987_3_03,,3016511_2 2 
1970987_3_6,,1970987_3_04,,3016511_3 6 
1970987_4_3,,1970987_4_01,,3016511_5 5 
1970987_4_5,,1970987_4_03,,3016584_1 2 
1970987_4_6,,1970987_4_04,,3016584_3 6 
1970987_5_4,,1970987_5_01,,3017448_1 3 
1970987_5_5,,1970987_5_02,,3017448_2 2 
1970987_5_6,,1970987_5_04,,3017448_3 5 
1970987_5_7,,1970987_5_03,,3017448_4 6 
2037336_1_4,,2037336_1_02,,3017448_5 6 
2037336_1_5,,2037336_1_04,,3017916_2 3 
2105688_1_4,,2105688_1_02,,3017916_3 3 
2105688_1_5,,2105688_1_04,,3017916_4 6 
2105688_1_6,,2105688_1_03,,3017916_5 6 
2105688_2_4,,2105688_2_01,,3018817_1 
2105688_2_5,,2105688_2_02,,3018817_2 6 
2105688_2_6,,2105688_2_04,,3018817_4 5 
2105688_2_7,,2105688_2_03,,3018817_5 6 
2105688_3_4,,2105688_3_01,,3019834_1 
2105688_3_5,,2105688_3_02,,3019834_2 2 
2105688_3_6,,2105688_3_04,,3019834_5 6 
2105688_3_7,,2105688_3_03,,3021014_1 4 
2116819_1_4,,2116819_1_02,,3021014_2 2 
2116819_1_5,,2116819_1_04,,3021014_3 5 
2116819_1_6,,2116819_1_03,,3021014_4 7 
2157366_2_4,,2157366_2_04,,3021038_1 4 
2157366_3_2,,2157366_3_01,,3021038_2 6 
2157366_3_3,,2157366_3_02,,3021038_4 6 
2157366_3_4,,2157366_3_03,,3022596_1 2 
2157366_3_6,,2157366_3_04,,3025986_1 5 
2158802_2_4,,2158802_2_04,,3027879_1 4 
2158802_3_4,,2158802_3_02,,3027879_2 5 
2158802_3_5,,2158802_3_04,,3028380_2 5 
2158802_3_6,,2158802_3_03,,3028380_3 5 
2187115_1_4,,2187115_1_04,,3028380_5 7 
2187115_2_4,,2187115_2_02,,3033910_1 3 
2187115_2_5,,2187115_2_04,,3033910_2 5 
2187115_2_6,,2187115_2_03,,3033910_3 6 
2187115_3_2,,2187115_3_01,,3033910_5 7 
2187115_3_3,,2187115_3_02,,3035335_1 4 
2187115_3_5,,2187115_3_03,,3035335_2 7 
2187115_3_6,,2187115_3_04,,3035335_3 6 
2187115_4_3,,2187115_4_01,,3035335_4 7 
2187115_4_4,,2187115_4_02,,3035657_1 5 
2187115_4_5,,2187115_4_04,,3035657_2 5 
2187115_4_6,,2187115_4_03,,3035657_3 
2187115_5_4,,2187115_5_01,,3037368_1 5 
2187115_5_5,,2187115_5_02,,3037368_3 7 
2187115_5_6,,2187115_5_04,,3043083_1 3 
2187115_5_7,,2187115_5_03,,3043083_2 5 
2205440_1_3,,2205440_1_04,,3043083_3 6 
2205440_1_4,,2205440_1_03,,3043083_4 6 
2232005_1_3,,2232005_1_04,,3043083_5 6 
2232005_1_4,,2232005_1_03,,3046072_1 3 
2265709_1_3,,2265709_1_02,,3046072_2 2 
2265709_1_4,,2265709_1_03,,3046072_5 6 
2265709_1_5,,2265709_1_04,,3046436_1 
2265709_2_4,,2265709_2_01,,3046436_2 5 
2265709_2_5,,2265709_2_02,,3046436_5 6 
2265709_2_6,,2265709_2_03,,3046448_1 
2265709_2_7,,2265709_2_04,,3046448_2 4 
2265709_3_4,,2265709_3_01,,3046448_4 6 
2265709_3_5,,2265709_3_02,,3053325_1 3 
2265709_3_6,,2265709_3_04,,3053325_2 4 
2265709_3_7,,2265709_3_03,,3053325_4 5 
2266337_2_4,,2266337_2_02,,3053325_5 6 
2266337_2_5,,2266337_2_04,,3053325_6 7 
2266337_2_6,,2266337_2_03,,3075631_1 3 
2266337_3_2,,2266337_3_01,,3075631_2 6 
2266337_3_4,,2266337_3_02,,3075631_3 4 
2266337_3_5,,2266337_3_04,,3076453_1 5 
2266337_3_6,,2266337_3_03,,3076453_3 6 
2266337_4_4,,2266337_4_01,,3085570_1 3 
2266337_4_5,,2266337_4_02,,3085570_2 6 
2266337_4_6,,2266337_4_04,,3085570_4 8 
2266337_4_7,,2266337_4_03,,3086665_1 3 
2266337_5_4,,2266337_5_01,,3086665_2 6 
2266337_5_5,,2266337_5_02,,3086665_4 7 
2266337_5_6,,2266337_5_04,,3090243_1 3 
2266337_5_7,,2266337_5_03,,3090243_2 5 
2266337_6_4,,2266337_6_01,,3090243_3 7 
2266337_6_5,,2266337_6_02,,3090292_1 3 
2266337_6_6,,2266337_6_04,,3090292_2 6 
2266337_6_7,,2266337_6_03,,3090292_3 6 
2340951_1_3,,2340951_1_04,,3090292_4 6 
2340951_1_4,,2340951_1_03,,3091405_2 6 
2340951_2_5,,2340951_2_03,,3091405_3 4 
2340951_3_2,,2340951_3_01,,3091405_4 6 
2340951_3_3,,2340951_3_02,,3091405_5 5 
2340951_3_4,,2340951_3_03,,3091545_1 3 
2340951_3_5,,2340951_3_04,,3091545_2 5 
2340951_4_4,,2340951_4_03,,3091545_3 8 
2340951_4_5,,2340951_4_04,,3091545_4 6 
2340951_4_6,,2340951_4_01,,3091612_1 3 
2340951_4_7,,2340951_4_02,,3091661_1 3 
2340951_5_4,,2340951_5_01,,3091661_2 5 
2340951_5_5,,2340951_5_02,,3091661_3 6 
2340951_5_6,,2340951_5_04,,3091661_4 7 
2340951_5_7,,2340951_5_03,,3091661_5 
2352710_1_5,,2352710_1_04,,3095794_1 6 
2352710_1_7,,2352710_1_03,,3097754_1 4 
2352710_2_4,,2352710_2_01,,3097754_2 6 
2352710_2_5,,2352710_2_02,,3114053_1 3 
2352710_2_6,,2352710_2_04,,3114053_2 6 
2352710_2_7,,2352710_2_03,,3114053_4 6 
2373944_1_3,,2373944_1_04,,3124708_1 3 
2373944_1_4,,2373944_1_03,,3124708_2 5 
2373944_2_3,,2373944_2_04,,3124708_4 8 
2373944_2_4,,2373944_2_03,,3139773_1 3 
2381448_1_3,,2381448_1_04,,3139773_2 5 
2381448_1_4,,2381448_1_03,,3139785_1 3 
2381448_2_3,,2381448_2_04,,3139785_2 6 
2381448_2_4,,2381448_2_03,,3153861_1 3 
2381448_2_6,,2381448_2_02,,3153861_2 7 
2390176_1_3,,2390176_1_04,,3163830_1 2 
2390176_1_4,,2390176_1_03,,3181042_1 3 
2449304_1_3,,2449304_1_04,,3181042_2 5 
2449304_1_4,,2449304_1_03,,3181042_4 6 
2449304_2_2,,2449304_2_04,,3188978_1 4 
2449304_2_3,,2449304_2_03,,3196033_1 5 
2449304_3_5,,2449304_3_04,,3196069_1 
2449304_4_3,,2449304_4_01,,3196069_2 
2449304_4_4,,2449304_4_02,,3196069_3 7 
2449304_4_5,,2449304_4_03,,3197256_1 3 
2449304_4_6,,2449304_4_04,,3197256_2 5 
2449304_5_6,,2449304_5_04,,3197256_4 6 
2515143_1_4,,2515143_1_04,,3201120_1 3 
2515143_1_5,,2515143_1_03,,3201120_2 6 
2515143_2_3,,2515143_2_04,,3201120_3 5 
2515143_2_4,,2515143_2_03,,3201132_1 4 
2515143_3_4,,2515143_3_02,,3201132_2 5 
2515143_3_5,,2515143_3_04,,3201132_3 7 
2515143_3_6,,2515143_3_03,,3204200_1 3 
2515143_4_4,,2515143_4_01,,3204200_2 5 
2515143_4_5,,2515143_4_02,,3204200_3 7 
2515143_4_6,,2515143_4_04,,3204200_4 6 
2515143_4_8,,2515143_4_03,,3205228_1 4 
2515143_5_4,,2515143_5_01,,3205228_2 6 
2515143_5_5,,2515143_5_02,,3206993_1 2 
2515143_5_6,,2515143_5_04,,3206993_2 5 
2515143_5_7,,2515143_5_03,,3206993_3 7 
2649718_1_2,,2649718_1_01,,3213262_1 3 
2649718_1_3,,2649718_1_02,,3216305_1 5 
2649718_1_5,,2649718_1_04,,3216305_2 6 
2649718_1_6,,2649718_1_03,,3216342_1 3 
2649718_2_4,,2649718_2_01,,3216342_2 6 
2649718_2_5,,2649718_2_02,,3216354_1 3 
2649718_2_6,,2649718_2_04,,3217024_1 2 
2649718_2_7,,2649718_2_03,,3217024_2 5 
2649718_3_4,,2649718_3_01,,3217024_4 6 
2649718_3_5,,2649718_3_02,,3218090_1 2 
2649718_3_6,,2649718_3_04,,3222664_1 2 
2649718_3_7,,2649718_3_03,,3222664_2 7 
2729611_1_3,,2729611_1_04,,3222664_3 6 
2729611_1_4,,2729611_1_03,,3226700_2 2 
2729611_2_3,,2729611_2_04,,3226700_3 6 
2729611_2_4,,2729611_2_03,,3226700_5 6 
2729611_3_2,,2729611_3_01,,3230806_1 4 
2729611_3_3,,2729611_3_02,,3230806_2 5 
2729611_3_6,,2729611_3_04,,3230806_4 7 
2729611_3_7,,2729611_3_03,,3232177_1 5 
2729611_4_3,,2729611_4_01,,3232177_2 7 
2729611_4_4,,2729611_4_02,,3232177_3 6 
2729611_4_5,,2729611_4_04,,3235592_1 2 
2729611_4_6,,2729611_4_03,,3239573_1 5 
2729611_5_4,,2729611_5_01,,3239573_2 
2729611_5_5,,2729611_5_02,,3239573_4 6 
2729611_5_6,,2729611_5_04,,3249037_1 4 
2729611_5_7,,2729611_5_03,,3254604_1 2 
2769815_1_4,,2769815_1_01,,3254604_3 6 
2769815_1_5,,2769815_1_02,,3254604_4 6 
2769815_1_7,,2769815_1_04,,3257769_1 6 
2769815_1_8,,2769815_1_03,,3259912_1 
2771482_1_4,,2771482_1_04,,3262960_1 5 
2810323_1_4,,2810323_1_04,,3262960_2 6 
2810323_2_2,,2810323_2_04,,3262960_3 7 
2810323_2_3,,2810323_2_03,,3292277_1 5 
2810323_3_2,,2810323_3_01,,3292277_2 6 
2810323_3_3,,2810323_3_02,,3292277_3 6 
2810323_3_5,,2810323_3_04,,3302428_1 5 
2810323_3_6,,2810323_3_03,,3302428_2 5 
2810323_4_3,,2810323_4_01,,3302428_3 6 
2810323_4_4,,2810323_4_02,,3306793_1 5 
2810323_4_5,,2810323_4_03,,3328223_1 6 
2810323_4_6,,2810323_4_04,,3328223_3 6 
2810323_5_3,,2810323_5_01,,3328223_4 7 
2810323_5_4,,2810323_5_02,,3330357_1 6 
2810323_5_5,,2810323_5_03,,3330357_2 6 
2810323_5_6,,2810323_5_04,,3338733_1 6 
2810359_1_3,,2810359_1_04,,3338733_3 5 
2810359_1_4,,2810359_1_03,,3342001_1 5 
2810359_2_4,,2810359_2_04,,3343637_2 7 
2810359_2_5,,2810359_2_03,,3356346_1 5 
2810359_3_4,,2810359_3_02,,3356346_2 5 
2810359_3_5,,2810359_3_04,,3356346_3 6 
2810359_3_6,,2810359_3_03,,3358926_1 5 
2810359_4_4,,2810359_4_01,,3358926_3 6 
2810359_4_5,,2810359_4_02,,3365360_1 5 
2810359_4_6,,2810359_4_03,,3365360_3 7 
2810359_4_7,,2810359_4_04,,3365372_1 5 
2810359_5_4,,2810359_5_01,,3365372_3 6 
2810359_5_5,,2810359_5_02,,3371888_1 5 
2810359_5_6,,2810359_5_04,,3371888_3 6 
2810359_5_7,,2810359_5_03,,3374841_1 5 
2816003_1_3,,2816003_1_04,,3374841_2 7 
2816003_1_4,,2816003_1_03,,3374841_3 6 
2816003_2_4,,2816003_2_02,,3375535_1 5 
2816003_2_5,,2816003_2_04,,3390585_1 
2816003_2_6,,2816003_2_03,,3390597_1 5 
2816003_3_2,,2816003_3_01,,3390597_3 6 
2816003_3_4,,2816003_3_02,,3391140_1 5 
2816003_3_5,,2816003_3_03,,3391140_3 6 
2816003_3_6,,2816003_3_04,,3391140_4 6 
2816003_4_4,,2816003_4_01,,3393768_1 6 
2816003_4_5,,2816003_4_02,,3396976_1 6 
2816003_4_6,,2816003_4_04,,3396976_3 7 
2816003_4_7,,2816003_4_03,,3398870_1 6 
2832422_1_4,,2832422_1_02,,3400190_1 6 
2832422_1_5,,2832422_1_04,,3400190_3 6 
2832422_1_6,,2832422_1_03,,3400682_1 6 
2832422_2_2,,2832422_2_01,,3400700_1 5 
2832422_2_3,,2832422_2_02,,3400700_3 6 
2832422_2_4,,2832422_2_03,,3400761_1 5 
2832422_2_6,,2832422_2_04,,3400761_3 6 
2840698_2_4,,2840698_2_03,,3402617_1 6 
2840698_2_6,,2840698_2_04,,3402617_3 6 
2840698_3_2,,2840698_3_01,,3406672_1 5 
2840698_3_3,,2840698_3_02,,3406672_2 5 
2840698_3_4,,2840698_3_03,,3406684_1 5 
2840698_3_6,,2840698_3_04,,3406684_3 6 
2840698_4_4,,2840698_4_01,,3410882_1 5 
2840698_4_5,,2840698_4_02,,3411369_1 5 
2840698_4_7,,2840698_4_04,,3411369_3 7 
2840698_4_8,,2840698_4_03,,3411369_4 6 
2840698_5_4,,2840698_5_01,,3411412_1 6 
2840698_5_5,,2840698_5_02,,3433419_1 5 
2840698_5_6,,2840698_5_03,,3433419_2 6 
2840698_5_7,,2840698_5_04,,3433419_3 6 
2840698_6_3,,2840698_6_01,,3434527_1 5 
2840698_6_5,,2840698_6_04,,3434527_3 6 
2901377_1_3,,2901377_1_04,,3435106_1 5 
2901377_1_4,,2901377_1_03,,3435106_3 6 
2901377_2_3,,2901377_2_04,,3435155_1 6 
2901377_3_2,,2901377_3_01,,3435295_1 5 
2901377_3_3,,2901377_3_02,,3435295_3 6 
2901377_3_5,,2901377_3_04,,3435301_1 5 
2901377_3_7,,2901377_3_03,,3435301_3 6 
2901377_4_4,,2901377_4_01,,3438909_1 5 
2901377_4_5,,2901377_4_02,,3438909_2 
2901377_4_6,,2901377_4_04,,3438909_3 6 
2901377_4_7,,2901377_4_03,,3441775_1 5 
2902023_1_4,,2902023_1_01,,3441775_3 6 
2902023_1_5,,2902023_1_02,,3444843_1 5 
2902023_1_6,,2902023_1_03,,3444843_2 6 
2902023_1_8,,2902023_1_04,,3444843_3 6 
2902023_2_4,,2902023_2_01,,3451173_1 5 
2902023_2_5,,2902023_2_02,,3454368_1 6 
2902023_2_6,,2902023_2_04,,3454368_2 6 
2902023_2_7,,2902023_2_03,,3454368_3 6 
2902023_3_4,,2902023_3_02,,3456250_1 5 
2902023_3_5,,2902023_3_04,,3456262_1 5 
2902023_3_6,,2902023_3_03,,3456262_3 6 
2906181_1_3,,2906181_1_04,,3456985_1 5 
2906181_1_4,,2906181_1_03,,3456985_3 5 
2906181_2_3,,2906181_2_04,,3457254_1 5 
2906181_2_4,,2906181_2_03,,3457254_3 6 
2906181_3_2,,2906181_3_01,,3459147_1 5 
2906181_3_5,,2906181_3_04,,3459147_2 6 
2906181_3_6,,2906181_3_03,,3459147_3 6 
2906181_4_2,,2906181_4_01,,3459573_1 5 
2906181_4_3,,2906181_4_02,,3459573_3 5 
2906181_4_5,,2906181_4_04,,3460356_1 5 
2906181_4_6,,2906181_4_03,,3460356_2 6 
2906211_1_2,,2906211_1_01,,3465524_1 6 
2906211_1_3,,2906211_1_02,,3465524_3 5 
2906211_1_5,,2906211_1_03,,3467764_1 5 
2906211_1_6,,2906211_1_04,,3467764_2 5 
2920992_1_3,,2920992_1_04,,3468549_1 6 
2920992_1_4,,2920992_1_03,,3468689_1 5 
2920992_2_3,,2920992_2_04,,3468884_1 5 
2920992_2_4,,2920992_2_03,,3477691_1 5 
2920992_3_4,,2920992_3_02,,3479808_1 6 
2920992_3_5,,2920992_3_04,,3486953_2 6 
2920992_3_6,,2920992_3_03,,3486953_3 7 
2920992_4_4,,2920992_4_02,,3487337_3 6 
2920992_4_6,,2920992_4_04,,3487520_2 5 
2920992_4_7,,2920992_4_03,,3487520_3 6 
2920992_5_4,,2920992_5_01,,3492862_3 6 
2920992_5_5,,2920992_5_02,,3494421_2 6 
2920992_5_6,,2920992_5_04,,3494421_3 7 
2920992_5_7,,2920992_5_03,,3495565_2 5 
2923154_1_3,,2923154_1_04,,3495565_4 6 
2923154_1_4,,2923154_1_03,,3495565_5 6 
2923154_2_3,,2923154_2_04,,3495565_6 7 
2923154_2_4,,2923154_2_03,,3497756_1 5 
2923154_3_2,,2923154_3_01,,3497756_2 6 
2923154_3_4,,2923154_3_02,,3497756_5 6 
2923154_3_5,,2923154_3_04,,3497756_6 6 
2923154_3_6,,2923154_3_03,,3498037_1 5 
2923154_4_5,,2923154_4_02,,3498037_2 6 
2923154_4_6,,2923154_4_01,,3505248_2 6 
2923154_4_7,,2923154_4_03,,3508055_2 5 
2923154_4_9,,2923154_4_04,,3508055_3 5 
2923154_5_4,,2923154_5_01,,3511844_2 6 
2923154_5_5,,2923154_5_02,,3511911_1 5 
2923154_5_6,,2923154_5_04,,3511911_2 6 
2923154_5_7,,2923154_5_03,,3512757_2 6 
2923233_1_3,,2923233_1_04,,3512757_4 5 
2923233_1_4,,2923233_1_03,,3512757_5 6 
2923233_2_3,,2923233_2_04,,3512757_6 7 
2923233_2_4,,2923233_2_03,,3526239_1 6 
2923233_3_2,,2923233_3_01,,3532720_2 6 
2923233_3_4,,2923233_3_04,,3532732_1 7 
2923233_3_5,,2923233_3_02,,3532732_2 6 
2923233_3_6,,2923233_3_03,,3539982_2 6 
2923233_4_4,,2923233_4_01,,3545982_1 5 
2923233_4_5,,2923233_4_02,,3545982_2 6 
2923233_4_6,,2923233_4_03,,3560521_1 5 
2923233_4_7,,2923233_4_04,,3560521_2 6 
2923233_5_4,,2923233_5_01,,3565452_1 7 
2923233_5_5,,2923233_5_02,,3565452_2 6 
2923233_5_6,,2923233_5_04,,3580350_1 5 
2923233_5_7,,2923233_5_03,,3580362_1 7 
2930146_1_3,,2930146_1_04,,3580362_2 6 
2930146_1_4,,2930146_1_03,,3580374_2 6 
2930146_2_3,,2930146_2_04,,3580398_2 5 
2930146_2_4,,2930146_2_03,,3584008_1 5 
2930146_3_2,,2930146_3_01,,3588208_1 5 
2930146_3_3,,2930146_3_02,,3588208_2 6 
2930146_3_4,,2930146_3_03,,3604706_1 6 
2930146_3_6,,2930146_3_04,,3613586_2 6 
2930146_4_4,,2930146_4_01,,3613598_1 8 
2930146_4_5,,2930146_4_02,,3613598_2 5 
2930146_4_6,,2930146_4_03,,3615716_1 7 
2930146_4_7,,2930146_4_04,,3615716_2 9 
2930146_5_4,,2930146_5_01,,3615728_2 6 
2930146_5_5,,2930146_5_02,,3618869_2 7 
2930146_5_6,,2930146_5_04,,3620633_2 6 
2930146_5_7,,2930146_5_03,,3621625_2 5 
2930407_1_3,,2930407_1_04,,3623774_2 6 
2930407_1_4,,2930407_1_03,,3623774_3 6 
2930407_2_3,,2930407_2_04,,3623786_2 6 
2930407_2_4,,2930407_2_03,,3640048_2 6 
2930407_3_2,,2930407_3_01,,3642859_2 6 
2930407_3_3,,2930407_3_02,,3642859_3 6 
2930407_3_4,,2930407_3_03,,3642860_2 6 
2930407_3_6,,2930407_3_04,,3649854_2 6 
2930407_4_4,,2930407_4_01,,3653389_1 7 
2930407_4_5,,2930407_4_02,,3653389_2 6 
2930407_4_6,,2930407_4_04,,3653560_1 6 
2930407_4_7,,2930407_4_03,,3654047_1 9 
2932015_1_3,,2932015_1_04,,3654047_2 6 
2932015_1_4,,2932015_1_03,,3673698_1 7 
2932015_2_3,,2932015_2_04,,3679718_1 6 
2932015_2_4,,2932015_2_03,,3691226_1 6 
2932015_3_2,,2932015_3_01,,3691226_2 8 
2932015_3_4,,2932015_3_02,,3698178_1 7 
2932015_3_5,,2932015_3_04,,3698178_2 6 
2932015_3_6,,2932015_3_03,,3700550_1 8 
2932015_4_2,,2932015_4_01,,3701244_2 6 
2932015_4_3,,2932015_4_02,,3701256_2 6 
2932015_4_6,,2932015_4_04,,3701268_1 6 
2932015_4_7,,2932015_4_03,,3706916_1 6 
2932015_5_5,,2932015_5_02,,3706916_2 6 
2932015_5_6,,2932015_5_04,,3710695_1 6 
2932015_5_7,,2932015_5_03,,3745971_1 6 
2932015_6_4,,2932015_6_02,,3745971_2 6 
2932015_6_5,,2932015_6_03,,3754273_1 7 
2932015_6_6,,2932015_6_04,,3758114_1 6 
2936331_1_4,,2936331_1_04,,3758114_2 
2936331_1_5,,2936331_1_03,,3758254_1 8 
2936331_2_3,,2936331_2_04,,3758254_2 6 
2936331_2_4,,2936331_2_03,,3758254_3 6 
2936331_3_4,,2936331_3_02,,3758643_1 5 
2936331_3_5,,2936331_3_04,,3758643_2 7 
2936331_3_6,,2936331_3_03,,3759441_1 6 
2936331_4_2,,2936331_4_01,,3759441_2 8 
2936331_4_4,,2936331_4_02,,3759532_1 7 
2936331_4_5,,2936331_4_03,,3774995_1 6 
2936331_4_7,,2936331_4_04,,3774995_2 6 
2936331_5_4,,2936331_5_01,,3774995_3 7 
2936331_5_5,,2936331_5_02,,3779968_1 6 
2936331_5_6,,2936331_5_04,,3789305_1 6 
2936331_5_7,,2936331_5_03,,3797065_1 6 
2943402_1_4,,2943402_1_03,,3797077_1 6 
2943402_2_3,,2943402_2_04,,3798082_1 6 
2943402_2_4,,2943402_2_03,,3802450_1 6 
2943402_3_4,,2943402_3_02,,3802450_2 6 
2943402_3_5,,2943402_3_04,,3802450_3 6 
2943402_3_6,,2943402_3_03,,3802450_4 8 
2943402_4_3,,2943402_4_01,,3802462_1 6 
2943402_4_4,,2943402_4_02,,3802462_2 6 
2943402_4_5,,2943402_4_03,,3802474_1 6 
2943402_4_6,,2943402_4_04,,3836241_1 6 
2943402_5_4,,2943402_5_01,,3839874_1 6 
2943402_5_5,,2943402_5_02,,3839898_1 6 
2943402_5_6,,2943402_5_04,,3839898_2 6 
2943402_5_7,,2943402_5_03,,3842150_1 7 
2957632_1_3,,2957632_1_04,,3846477_1 6 
2957632_1_4,,2957632_1_03,,3848097_1 7 
2957632_2_3,,2957632_2_03,,3848772_1 6 
2957632_2_4,,2957632_2_04,,3852003_1 5 
2957772_1_3,,2957772_1_04,,3857876_1 7 
2957772_1_4,,2957772_1_03,,3864492_1 6 
2957772_2_4,,2957772_2_02,,3871381_1 7 
2957772_2_5,,2957772_2_04,,3874230_1 5 
2957772_2_6,,2957772_2_03,,3877723_1 6 
2957772_3_4,,2957772_3_01,,3877723_2 7 
2957772_3_5,,2957772_3_02,,3879677_1 6 
2957772_3_6,,2957772_3_04,,3881702_1 6 
2957772_3_7,,2957772_3_03,,3885549_1 6 
2957887_1_3,,2957887_1_04,,3887996_1 7 
2957887_1_4,,2957887_1_03,,3891744_1 6 
2957887_2_3,,2957887_2_04,,3891756_1 6 
2957887_2_4,,2957887_2_03,,3892797_1 6 
2957887_3_2,,2957887_3_01,,3894745_1 6 
2957887_3_3,,2957887_3_02,,3895129_1 7 
2957887_3_5,,2957887_3_04,,3898143_1 6 
2957887_3_6,,2957887_3_03,,3898660_1 4 
2957887_4_4,,2957887_4_01,,3904258_1 5 
2957887_4_5,,2957887_4_02,,3904994_1 7 
2957887_4_6,,2957887_4_03,,3905007_1 6 
2957887_4_7,,2957887_4_04,,3905810_1 6 
2959100_1_3,,2959100_1_04,,3911494_1 6 
2959100_2_3,,2959100_2_04,,3911500_1 6 
2959100_2_4,,2959100_2_03,,3912061_1 6 
2959100_3_4,,2959100_3_02,,3912528_1 6 
2959100_3_5,,2959100_3_04,,3912589_1 7 
2959100_3_6,,2959100_3_03,,3912590_1 7 
2959100_4_4,,2959100_4_01,,3915074_1 6 
2959100_4_5,,2959100_4_02,,3915074_2 7 
2959100_4_6,,2959100_4_04,,3915530_1 7 
2959100_4_7,,2959100_4_03,,3918488_1 6 
2959100_5_4,,2959100_5_01,,3923241_1 6 
2959100_5_5,,2959100_5_02,,3928688_1 8 
2959100_5_6,,2959100_5_04,,3929954_1 5 
2959100_5_7,,2959100_5_03,,3930889_1 6 
2984192_1_3,,2984192_1_04,,3931092_1 6 
2984192_1_4,,2984192_1_03,,3936831_1 7 
2984192_2_4,,2984192_2_01,,3936855_1 6 
2984192_2_5,,2984192_2_02,,3941620_1 6 
2984192_2_6,,2984192_2_04,,3948845_1 6 
2984192_2_7,,2984192_2_03,,3955369_1 6 
2996030_1_3,,2996030_1_04,,3959314_1 6 
2996030_1_4,,2996030_1_03,,3969228_1 5 
2996030_2_2,,2996030_2_04,,3969447_1 6 
2996030_2_3,,2996030_2_03,,3970875_1 5 
2996030_3_2,,2996030_3_01,,3970887_1 6 
2996030_3_3,,2996030_3_02,,3971788_1 5 
2996030_3_5,,2996030_3_04,,3982506_1 5 
2996030_3_6,,2996030_3_03,,3993048_1 6 
2997538_1_2,,2997538_1_01,,4047539_1 6 
2997538_1_3,,2997538_1_02,,
2997538_1_5,,2997538_1_04,,
2997538_1_6,,2997538_1_03,,
2997538_2_6,,2997538_2_03,,
2997538_2_7,,2997538_2_04,,
3008162_1_2,,3008162_1_01,,
3008162_1_3,,3008162_1_02,,
3008162_1_5,,3008162_1_04,,
3008162_1_6,,3008162_1_03,,
3008162_2_3,,3008162_2_01,,
3008162_2_4,,3008162_2_02,,
3008162_2_5,,3008162_2_03,,
3008162_2_6,,3008162_2_04,,
3013339_1_4,,3013339_1_04,,
3013339_2_2,,3013339_2_04,,
3013339_2_3,,3013339_2_03,,
3013765_1_3,,3013765_1_04,,
3013765_1_4,,3013765_1_03,,
3013765_2_3,,3013765_2_04,,
3013765_2_4,,3013765_2_03,,
3013765_3_2,,3013765_3_01,,
3013765_3_3,,3013765_3_02,,
3013765_3_5,,3013765_3_04,,
3013765_3_6,,3013765_3_03,,
3013765_4_4,,3013765_4_01,,
3013765_4_5,,3013765_4_02,,
3013765_4_6,,3013765_4_03,,
3013765_4_7,,3013765_4_04,,
3014848_1_4,,3014848_1_02,,
3014848_1_5,,3014848_1_04,,
3014848_1_6,,3014848_1_03,,
3016511_1_3,,3016511_1_04,,
3016511_1_5,,3016511_1_03,,
3016511_2_2,,3016511_2_04,,
3016511_2_3,,3016511_2_03,,
3016511_3_2,,3016511_3_01,,
3016511_3_3,,3016511_3_02,,
3016511_3_4,,3016511_3_03,,
3016511_3_6,,3016511_3_04,,
3016511_4_5,,3016511_4_01,,
3016511_4_6,,3016511_4_02,,
3016511_4_7,,3016511_4_03,,
3016511_4_9,,3016511_4_04,,
3016511_5_3,,3016511_5_01,,
3016511_5_4,,3016511_5_02,,
3016511_5_5,,3016511_5_04,,
3016584_1_2,,3016584_1_04,,
3016584_1_3,,3016584_1_03,,
3016584_2_10,,3016584_2_04,,
3016584_2_2,,3016584_2_01,,
3016584_2_3,,3016584_2_02,,
3016584_2_5,,3016584_2_03,,
3016584_3_4,,3016584_3_01,,
3016584_3_5,,3016584_3_02,,
3016584_3_6,,3016584_3_04,,
3016584_3_7,,3016584_3_03,,
3017448_1_3,,3017448_1_04,,
3017448_1_4,,3017448_1_03,,
3017448_2_2,,3017448_2_04,,
3017448_2_3,,3017448_2_03,,
3017448_3_4,,3017448_3_02,,
3017448_3_5,,3017448_3_04,,
3017448_3_6,,3017448_3_03,,
3017448_4_4,,3017448_4_01,,
3017448_4_5,,3017448_4_02,,
3017448_4_6,,3017448_4_04,,
3017448_4_7,,3017448_4_03,,
3017448_5_4,,3017448_5_01,,
3017448_5_5,,3017448_5_02,,
3017448_5_6,,3017448_5_04,,
3017448_5_7,,3017448_5_03,,
3017916_1_4,,3017916_1_01,,
3017916_1_5,,3017916_1_02,,
3017916_1_6,,3017916_1_03,,
3017916_1_7,,3017916_1_04,,
3017916_2_3,,3017916_2_04,,
3017916_2_4,,3017916_2_03,,
3017916_3_3,,3017916_3_04,,
3017916_3_4,,3017916_3_03,,
3017916_4_2,,3017916_4_01,,
3017916_4_3,,3017916_4_02,,
3017916_4_4,,3017916_4_03,,
3017916_4_6,,3017916_4_04,,
3017916_5_4,,3017916_5_01,,
3017916_5_5,,3017916_5_02,,
3017916_5_6,,3017916_5_04,,
3017916_5_7,,3017916_5_03,,
3018817_1_4,,3018817_1_04,,
3018817_2_3,,3018817_2_01,,
3018817_2_4,,3018817_2_02,,
3018817_2_6,,3018817_2_04,,
3018817_3_2,,3018817_3_01,,
3018817_3_4,,3018817_3_02,,
3018817_3_5,,3018817_3_04,,
3018817_3_6,,3018817_3_03,,
3018817_4_4,,3018817_4_01,,
3018817_4_5,,3018817_4_04,,
3018817_4_8,,3018817_4_03,,
3018817_5_4,,3018817_5_01,,
3018817_5_5,,3018817_5_02,,
3018817_5_6,,3018817_5_04,,
3018817_5_7,,3018817_5_03,,
3019834_1_4,,3019834_1_04,,
3019834_2_2,,3019834_2_04,,
3019834_2_3,,3019834_2_03,,
3019834_3_2,,3019834_3_01,,
3019834_3_3,,3019834_3_02,,
3019834_3_5,,3019834_3_03,,
3019834_3_6,,3019834_3_04,,
3019834_4_3,,3019834_4_01,,
3019834_4_4,,3019834_4_02,,
3019834_4_6,,3019834_4_03,,
3019834_4_7,,3019834_4_04,,
3019834_5_4,,3019834_5_01,,
3019834_5_5,,3019834_5_02,,
3019834_5_6,,3019834_5_04,,
3019834_5_7,,3019834_5_03,,
3021014_1_4,,3021014_1_04,,
3021014_1_5,,3021014_1_03,,
3021014_2_2,,3021014_2_04,,
3021014_2_3,,3021014_2_03,,
3021014_3_2,,3021014_3_01,,
3021014_3_3,,3021014_3_02,,
3021014_3_5,,3021014_3_04,,
3021014_3_6,,3021014_3_03,,
3021014_4_4,,3021014_4_01,,
3021014_4_5,,3021014_4_02,,
3021014_4_6,,3021014_4_03,,
3021014_4_7,,3021014_4_04,,
3021038_1_4,,3021038_1_04,,
3021038_1_5,,3021038_1_03,,
3021038_2_2,,3021038_2_01,,
3021038_2_3,,3021038_2_02,,
3021038_2_4,,3021038_2_03,,
3021038_2_6,,3021038_2_04,,
3021038_3_4,,3021038_3_01,,
3021038_3_5,,3021038_3_02,,
3021038_3_6,,3021038_3_03,,
3021038_3_8,,3021038_3_04,,
3021038_4_4,,3021038_4_01,,
3021038_4_5,,3021038_4_02,,
3021038_4_6,,3021038_4_04,,
3021038_4_7,,3021038_4_03,,
3022596_1_2,,3022596_1_04,,
3022596_1_3,,3022596_1_03,,
3025986_1_4,,3025986_1_02,,
3025986_1_5,,3025986_1_04,,
3027879_1_4,,3027879_1_04,,
3027879_1_5,,3027879_1_03,,
3027879_2_4,,3027879_2_01,,
3027879_2_5,,3027879_2_04,,
3027879_2_6,,3027879_2_03,,
3027879_2_7,,3027879_2_02,,
3028380_2_2,,3028380_2_01,,
3028380_2_3,,3028380_2_02,,
3028380_2_4,,3028380_2_03,,
3028380_2_5,,3028380_2_04,,
3028380_3_4,,3028380_3_02,,
3028380_3_5,,3028380_3_04,,
3028380_3_6,,3028380_3_03,,
3028380_4_4,,3028380_4_02,,
3028380_4_5,,3028380_4_03,,
3028380_4_7,,3028380_4_04,,
3028380_5_4,,3028380_5_01,,
3028380_5_5,,3028380_5_02,,
3028380_5_6,,3028380_5_03,,
3028380_5_7,,3028380_5_04,,
3033910_1_3,,3033910_1_04,,
3033910_1_4,,3033910_1_03,,
3033910_2_4,,3033910_2_02,,
3033910_2_5,,3033910_2_04,,
3033910_2_6,,3033910_2_03,,
3033910_3_2,,3033910_3_01,,
3033910_3_5,,3033910_3_03,,
3033910_3_6,,3033910_3_04,,
3033910_4_4,,3033910_4_01,,
3033910_4_5,,3033910_4_02,,
3033910_4_8,,3033910_4_04,,
3033910_4_9,,3033910_4_03,,
3033910_5_4,,3033910_5_01,,
3033910_5_5,,3033910_5_02,,
3033910_5_6,,3033910_5_03,,
3033910_5_7,,3033910_5_04,,
3035335_1_3,,3035335_1_03,,
3035335_1_4,,3035335_1_04,,
3035335_2_2,,3035335_2_01,,
3035335_2_4,,3035335_2_02,,
3035335_2_6,,3035335_2_03,,
3035335_2_7,,3035335_2_04,,
3035335_3_2,,3035335_3_01,,
3035335_3_3,,3035335_3_02,,
3035335_3_5,,3035335_3_03,,
3035335_3_6,,3035335_3_04,,
3035335_4_4,,3035335_4_01,,
3035335_4_5,,3035335_4_02,,
3035335_4_6,,3035335_4_03,,
3035335_4_7,,3035335_4_04,,
3035657_1_2,,3035657_1_01,,
3035657_1_5,,3035657_1_04,,
3035657_2_3,,3035657_2_01,,
3035657_2_4,,3035657_2_02,,
3035657_2_5,,3035657_2_04,,
3037368_1_4,,3037368_1_02,,
3037368_1_5,,3037368_1_04,,
3037368_1_6,,3037368_1_03,,
3037368_2_4,,3037368_2_01,,
3037368_2_5,,3037368_2_02,,
3037368_2_6,,3037368_2_03,,
3037368_2_7,,3037368_2_04,,
3037368_3_4,,3037368_3_01,,
3037368_3_5,,3037368_3_02,,
3037368_3_6,,3037368_3_03,,
3037368_3_7,,3037368_3_04,,
3043083_1_3,,3043083_1_04,,
3043083_1_4,,3043083_1_03,,
3043083_2_4,,3043083_2_02,,
3043083_2_5,,3043083_2_04,,
3043083_2_6,,3043083_2_03,,
3043083_3_2,,3043083_3_01,,
3043083_3_3,,3043083_3_02,,
3043083_3_5,,3043083_3_03,,
3043083_3_6,,3043083_3_04,,
3043083_4_4,,3043083_4_01,,
3043083_4_5,,3043083_4_02,,
3043083_4_6,,3043083_4_04,,
3043083_4_7,,3043083_4_03,,
3043083_5_4,,3043083_5_01,,
3043083_5_5,,3043083_5_02,,
3043083_5_6,,3043083_5_04,,
3043083_5_7,,3043083_5_03,,
3046072_1_3,,3046072_1_04,,
3046072_1_4,,3046072_1_03,,
3046072_2_2,,3046072_2_04,,
3046072_2_3,,3046072_2_03,,
3046072_3_2,,3046072_3_01,,
3046072_3_3,,3046072_3_02,,
3046072_3_5,,3046072_3_03,,
3046072_3_7,,3046072_3_04,,
3046072_4_4,,3046072_4_01,,
3046072_4_6,,3046072_4_03,,
3046072_4_8,,3046072_4_04,,
3046072_5_4,,3046072_5_01,,
3046072_5_5,,3046072_5_02,,
3046072_5_6,,3046072_5_04,,
3046072_5_7,,3046072_5_03,,
3046436_1_4,,3046436_1_04,,
3046436_2_4,,3046436_2_02,,
3046436_2_5,,3046436_2_04,,
3046436_2_6,,3046436_2_03,,
3046436_3_2,,3046436_3_01,,
3046436_3_3,,3046436_3_02,,
3046436_3_5,,3046436_3_03,,
3046436_3_7,,3046436_3_04,,
3046436_4_4,,3046436_4_01,,
3046436_4_5,,3046436_4_02,,
3046436_4_6,,3046436_4_03,,
3046436_4_7,,3046436_4_04,,
3046436_5_4,,3046436_5_01,,
3046436_5_5,,3046436_5_02,,
3046436_5_6,,3046436_5_04,,
3046436_5_7,,3046436_5_03,,
3046448_1_4,,3046448_1_04,,
3046448_2_2,,3046448_2_01,,
3046448_2_3,,3046448_2_02,,
3046448_2_4,,3046448_2_04,,
3046448_3_4,,3046448_3_01,,
3046448_3_5,,3046448_3_02,,
3046448_3_6,,3046448_3_03,,
3046448_3_7,,3046448_3_04,,
3046448_4_4,,3046448_4_01,,
3046448_4_5,,3046448_4_02,,
3046448_4_6,,3046448_4_04,,
3046448_4_7,,3046448_4_03,,
3053325_1_3,,3053325_1_04,,
3053325_1_4,,3053325_1_03,,
3053325_2_2,,3053325_2_01,,
3053325_2_3,,3053325_2_02,,
3053325_2_4,,3053325_2_04,,
3053325_2_5,,3053325_2_03,,
3053325_3_4,,3053325_3_01,,
3053325_3_5,,3053325_3_02,,
3053325_3_7,,3053325_3_03,,
3053325_3_9,,3053325_3_04,,
3053325_4_3,,3053325_4_01,,
3053325_4_4,,3053325_4_02,,
3053325_4_5,,3053325_4_04,,
3053325_4_6,,3053325_4_03,,
3053325_5_4,,3053325_5_01,,
3053325_5_5,,3053325_5_02,,
3053325_5_6,,3053325_5_04,,
3053325_5_7,,3053325_5_03,,
3053325_6_4,,3053325_6_01,,
3053325_6_5,,3053325_6_02,,
3053325_6_6,,3053325_6_03,,
3053325_6_7,,3053325_6_04,,
3075631_1_3,,3075631_1_04,,
3075631_1_4,,3075631_1_03,,
3075631_2_2,,3075631_2_01,,
3075631_2_3,,3075631_2_02,,
3075631_2_4,,3075631_2_03,,
3075631_2_6,,3075631_2_04,,
3075631_3_2,,3075631_3_01,,
3075631_3_3,,3075631_3_02,,
3075631_3_4,,3075631_3_04,,
3075631_3_5,,3075631_3_03,,
3076453_1_4,,3076453_1_02,,
3076453_1_5,,3076453_1_04,,
3076453_1_6,,3076453_1_03,,
3076453_2_3,,3076453_2_02,,
3076453_2_4,,3076453_2_01,,
3076453_2_5,,3076453_2_04,,
3076453_2_6,,3076453_2_03,,
3076453_3_4,,3076453_3_01,,
3076453_3_5,,3076453_3_02,,
3076453_3_6,,3076453_3_04,,
3076453_3_7,,3076453_3_03,,
3085570_1_3,,3085570_1_04,,
3085570_1_4,,3085570_1_03,,
3085570_2_2,,3085570_2_01,,
3085570_2_3,,3085570_2_02,,
3085570_2_4,,3085570_2_03,,
3085570_2_6,,3085570_2_04,,
3085570_3_2,,3085570_3_01,,
3085570_3_3,,3085570_3_02,,
3085570_3_5,,3085570_3_03,,
3085570_3_6,,3085570_3_04,,
3085570_4_6,,3085570_4_02,,
3085570_4_7,,3085570_4_03,,
3085570_4_8,,3085570_4_04,,
3086665_1_3,,3086665_1_04,,
3086665_1_4,,3086665_1_03,,
3086665_2_2,,3086665_2_01,,
3086665_2_3,,3086665_2_02,,
3086665_2_4,,3086665_2_03,,
3086665_2_6,,3086665_2_04,,
3086665_3_4,,3086665_3_01,,
3086665_3_5,,3086665_3_02,,
3086665_3_8,,3086665_3_03,,
3086665_3_9,,3086665_3_04,,
3086665_4_4,,3086665_4_01,,
3086665_4_5,,3086665_4_02,,
3086665_4_6,,3086665_4_03,,
3086665_4_7,,3086665_4_04,,
3090243_1_3,,3090243_1_04,,
3090243_1_4,,3090243_1_03,,
3090243_2_2,,3090243_2_01,,
3090243_2_3,,3090243_2_03,,
3090243_2_4,,3090243_2_02,,
3090243_2_5,,3090243_2_04,,
3090243_3_4,,3090243_3_01,,
3090243_3_5,,3090243_3_02,,
3090243_3_6,,3090243_3_03,,
3090243_3_7,,3090243_3_04,,
3090292_1_3,,3090292_1_04,,
3090292_1_4,,3090292_1_03,,
3090292_2_2,,3090292_2_01,,
3090292_2_3,,3090292_2_02,,
3090292_2_4,,3090292_2_03,,
3090292_2_6,,3090292_2_04,,
3090292_3_2,,3090292_3_03,,
3090292_3_3,,3090292_3_01,,
3090292_3_4,,3090292_3_02,,
3090292_3_6,,3090292_3_04,,
3090292_4_4,,3090292_4_01,,
3090292_4_5,,3090292_4_02,,
3090292_4_6,,3090292_4_04,,
3090292_4_7,,3090292_4_03,,
3091405_2_2,,3091405_2_01,,
3091405_2_4,,3091405_2_02,,
3091405_2_5,,3091405_2_03,,
3091405_2_6,,3091405_2_04,,
3091405_3_2,,3091405_3_01,,
3091405_3_4,,3091405_3_04,,
3091405_3_5,,3091405_3_02,,
3091405_3_6,,3091405_3_03,,
3091405_4_4,,3091405_4_01,,
3091405_4_5,,3091405_4_02,,
3091405_4_6,,3091405_4_04,,
3091405_4_7,,3091405_4_03,,
3091405_5_3,,3091405_5_01,,
3091405_5_4,,3091405_5_02,,
3091405_5_5,,3091405_5_04,,
3091405_5_6,,3091405_5_03,,
3091545_1_3,,3091545_1_04,,
3091545_1_4,,3091545_1_03,,
3091545_2_2,,3091545_2_01,,
3091545_2_3,,3091545_2_02,,
3091545_2_5,,3091545_2_04,,
3091545_2_6,,3091545_2_03,,
3091545_3_5,,3091545_3_02,,
3091545_3_7,,3091545_3_03,,
3091545_3_8,,3091545_3_04,,
3091545_4_4,,3091545_4_01,,
3091545_4_5,,3091545_4_02,,
3091545_4_6,,3091545_4_04,,
3091545_4_7,,3091545_4_03,,
3091612_1_3,,3091612_1_04,,
3091612_1_4,,3091612_1_03,,
3091661_1_3,,3091661_1_04,,
3091661_1_4,,3091661_1_03,,
3091661_2_4,,3091661_2_02,,
3091661_2_5,,3091661_2_04,,
3091661_2_6,,3091661_2_03,,
3091661_3_2,,3091661_3_01,,
3091661_3_3,,3091661_3_02,,
3091661_3_5,,3091661_3_03,,
3091661_3_6,,3091661_3_04,,
3091661_4_4,,3091661_4_01,,
3091661_4_5,,3091661_4_02,,
3091661_4_6,,3091661_4_03,,
3091661_4_7,,3091661_4_04,,
3095794_1_2,,3095794_1_01,,
3095794_1_3,,3095794_1_02,,
3095794_1_5,,3095794_1_03,,
3095794_1_6,,3095794_1_04,,
3095794_2_4,,3095794_2_01,,
3095794_2_5,,3095794_2_02,,
3095794_2_6,,3095794_2_04,,
3095794_2_8,,3095794_2_03,,
3097754_1_4,,3097754_1_04,,
3097754_1_5,,3097754_1_03,,
3097754_2_2,,3097754_2_01,,
3097754_2_3,,3097754_2_02,,
3097754_2_4,,3097754_2_03,,
3097754_2_6,,3097754_2_04,,
3114053_1_3,,3114053_1_04,,
3114053_1_4,,3114053_1_03,,
3114053_2_2,,3114053_2_01,,
3114053_2_3,,3114053_2_02,,
3114053_2_4,,3114053_2_03,,
3114053_2_6,,3114053_2_04,,
3114053_3_2,,3114053_3_01,,
3114053_3_4,,3114053_3_02,,
3114053_3_5,,3114053_3_03,,
3114053_3_6,,3114053_3_04,,
3114053_4_4,,3114053_4_01,,
3114053_4_5,,3114053_4_02,,
3114053_4_6,,3114053_4_04,,
3114053_4_7,,3114053_4_03,,
3124708_1_3,,3124708_1_04,,
3124708_1_4,,3124708_1_03,,
3124708_2_4,,3124708_2_02,,
3124708_2_5,,3124708_2_04,,
3124708_2_6,,3124708_2_03,,
3124708_3_4,,3124708_3_01,,
3124708_3_5,,3124708_3_02,,
3124708_3_6,,3124708_3_03,,
3124708_3_7,,3124708_3_04,,
3124708_4_5,,3124708_4_01,,
3124708_4_6,,3124708_4_02,,
3124708_4_7,,3124708_4_03,,
3124708_4_8,,3124708_4_04,,
3139773_1_3,,3139773_1_04,,
3139773_2_4,,3139773_2_02,,
3139773_2_5,,3139773_2_04,,
3139773_2_6,,3139773_2_03,,
3139773_3_4,,3139773_3_01,,
3139773_3_5,,3139773_3_02,,
3139773_3_7,,3139773_3_04,,
3139773_3_8,,3139773_3_03,,
3139785_1_3,,3139785_1_04,,
3139785_1_4,,3139785_1_03,,
3139785_2_2,,3139785_2_01,,
3139785_2_3,,3139785_2_02,,
3139785_2_4,,3139785_2_03,,
3139785_2_6,,3139785_2_04,,
3139785_3_4,,3139785_3_01,,
3139785_3_5,,3139785_3_02,,
3139785_3_6,,3139785_3_03,,
3139785_3_7,,3139785_3_04,,
3153861_1_3,,3153861_1_04,,
3153861_1_4,,3153861_1_03,,
3153861_2_3,,3153861_2_01,,
3153861_2_4,,3153861_2_02,,
3153861_2_5,,3153861_2_03,,
3153861_2_7,,3153861_2_04,,
3153861_3_4,,3153861_3_01,,
3153861_3_5,,3153861_3_02,,
3153861_3_6,,3153861_3_03,,
3153861_3_7,,3153861_3_04,,
3163830_1_2,,3163830_1_04,,
3163830_1_4,,3163830_1_03,,
3163830_2_2,,3163830_2_01,,
3163830_2_3,,3163830_2_02,,
3163830_2_5,,3163830_2_03,,
3163830_2_6,,3163830_2_04,,
3181042_1_3,,3181042_1_04,,
3181042_1_4,,3181042_1_03,,
3181042_2_3,,3181042_2_02,,
3181042_2_4,,3181042_2_03,,
3181042_2_5,,3181042_2_04,,
3181042_3_4,,3181042_3_01,,
3181042_3_5,,3181042_3_02,,
3181042_3_7,,3181042_3_03,,
3181042_3_8,,3181042_3_04,,
3181042_4_4,,3181042_4_01,,
3181042_4_5,,3181042_4_02,,
3181042_4_6,,3181042_4_04,,
3181042_4_7,,3181042_4_03,,
3188978_1_3,,3188978_1_03,,
3188978_1_4,,3188978_1_04,,
3196033_1_4,,3196033_1_02,,
3196033_1_5,,3196033_1_04,,
3196033_1_6,,3196033_1_03,,
3196069_3_4,,3196069_3_01,,
3196069_3_5,,3196069_3_02,,
3196069_3_6,,3196069_3_03,,
3196069_3_7,,3196069_3_04,,
3197256_1_3,,3197256_1_04,,
3197256_1_4,,3197256_1_03,,
3197256_2_2,,3197256_2_01,,
3197256_2_3,,3197256_2_02,,
3197256_2_5,,3197256_2_04,,
3197256_2_6,,3197256_2_03,,
3197256_3_4,,3197256_3_01,,
3197256_3_5,,3197256_3_02,,
3197256_3_6,,3197256_3_03,,
3197256_3_7,,3197256_3_04,,
3197256_4_4,,3197256_4_01,,
3197256_4_5,,3197256_4_02,,
3197256_4_6,,3197256_4_04,,
3197256_4_7,,3197256_4_03,,
3201120_1_3,,3201120_1_04,,
3201120_1_4,,3201120_1_03,,
3201120_2_2,,3201120_2_01,,
3201120_2_3,,3201120_2_02,,
3201120_2_5,,3201120_2_03,,
3201120_2_6,,3201120_2_04,,
3201120_3_3,,3201120_3_02,,
3201120_3_4,,3201120_3_01,,
3201120_3_5,,3201120_3_04,,
3201120_3_6,,3201120_3_03,,
3201132_1_4,,3201132_1_04,,
3201132_1_5,,3201132_1_03,,
3201132_2_2,,3201132_2_01,,
3201132_2_3,,3201132_2_02,,
3201132_2_5,,3201132_2_04,,
3201132_2_6,,3201132_2_03,,
3201132_3_4,,3201132_3_01,,
3201132_3_5,,3201132_3_02,,
3201132_3_6,,3201132_3_03,,
3201132_3_7,,3201132_3_04,,
3204200_1_3,,3204200_1_04,,
3204200_1_4,,3204200_1_03,,
3204200_2_4,,3204200_2_02,,
3204200_2_5,,3204200_2_04,,
3204200_2_6,,3204200_2_03,,
3204200_3_4,,3204200_3_01,,
3204200_3_5,,3204200_3_02,,
3204200_3_6,,3204200_3_03,,
3204200_3_7,,3204200_3_04,,
3204200_4_4,,3204200_4_01,,
3204200_4_5,,3204200_4_02,,
3204200_4_6,,3204200_4_04,,
3204200_4_7,,3204200_4_03,,
3205228_1_2,,3205228_1_03,,
3205228_1_4,,3205228_1_04,,
3205228_2_4,,3205228_2_01,,
3205228_2_5,,3205228_2_02,,
3205228_2_6,,3205228_2_04,,
3205228_2_7,,3205228_2_03,,
3206993_1_2,,3206993_1_04,,
3206993_1_3,,3206993_1_03,,
3206993_2_3,,3206993_2_01,,
3206993_2_4,,3206993_2_02,,
3206993_2_5,,3206993_2_04,,
3206993_2_6,,3206993_2_03,,
3206993_3_4,,3206993_3_01,,
3206993_3_5,,3206993_3_02,,
3206993_3_6,,3206993_3_03,,
3206993_3_7,,3206993_3_04,,
3213262_1_3,,3213262_1_04,,
3213262_1_4,,3213262_1_03,,
3216305_1_5,,3216305_1_04,,
3216305_1_6,,3216305_1_03,,
3216305_2_2,,3216305_2_01,,
3216305_2_3,,3216305_2_02,,
3216305_2_5,,3216305_2_03,,
3216305_2_6,,3216305_2_04,,
3216342_1_3,,3216342_1_04,,
3216342_1_4,,3216342_1_03,,
3216342_2_4,,3216342_2_01,,
3216342_2_5,,3216342_2_02,,
3216342_2_6,,3216342_2_04,,
3216342_2_7,,3216342_2_03,,
3216354_1_3,,3216354_1_04,,
3216354_1_4,,3216354_1_03,,
3216354_2_4,,3216354_2_02,,
3216354_2_5,,3216354_2_03,,
3216354_2_8,,3216354_2_04,,
3217024_1_2,,3217024_1_04,,
3217024_1_3,,3217024_1_03,,
3217024_2_4,,3217024_2_02,,
3217024_2_5,,3217024_2_04,,
3217024_2_6,,3217024_2_03,,
3217024_3_4,,3217024_3_01,,
3217024_3_5,,3217024_3_02,,
3217024_3_6,,3217024_3_03,,
3217024_3_7,,3217024_3_04,,
3217024_4_4,,3217024_4_01,,
3217024_4_5,,3217024_4_02,,
3217024_4_6,,3217024_4_04,,
3217024_4_7,,3217024_4_03,,
3218090_1_2,,3218090_1_04,,
3218090_1_4,,3218090_1_03,,
3222664_1_2,,3222664_1_04,,
3222664_1_3,,3222664_1_03,,
3222664_2_2,,3222664_2_01,,
3222664_2_4,,3222664_2_02,,
3222664_2_5,,3222664_2_03,,
3222664_2_7,,3222664_2_04,,
3222664_3_4,,3222664_3_01,,
3222664_3_5,,3222664_3_02,,
3222664_3_6,,3222664_3_04,,
3222664_3_7,,3222664_3_03,,
3226700_2_2,,3226700_2_04,,
3226700_2_4,,3226700_2_03,,
3226700_3_2,,3226700_3_01,,
3226700_3_3,,3226700_3_02,,
3226700_3_5,,3226700_3_03,,
3226700_3_6,,3226700_3_04,,
3226700_4_4,,3226700_4_01,,
3226700_4_5,,3226700_4_02,,
3226700_4_6,,3226700_4_03,,
3226700_4_7,,3226700_4_04,,
3226700_5_4,,3226700_5_01,,
3226700_5_5,,3226700_5_02,,
3226700_5_6,,3226700_5_04,,
3226700_5_7,,3226700_5_03,,
3230806_1_4,,3230806_1_04,,
3230806_1_6,,3230806_1_03,,
3230806_2_2,,3230806_2_01,,
3230806_2_3,,3230806_2_02,,
3230806_2_5,,3230806_2_04,,
3230806_2_6,,3230806_2_03,,
3230806_3_4,,3230806_3_01,,
3230806_3_5,,3230806_3_02,,
3230806_3_6,,3230806_3_03,,
3230806_3_7,,3230806_3_04,,
3230806_4_4,,3230806_4_01,,
3230806_4_5,,3230806_4_02,,
3230806_4_6,,3230806_4_03,,
3230806_4_7,,3230806_4_04,,
3232177_1_2,,3232177_1_01,,
3232177_1_3,,3232177_1_02,,
3232177_1_4,,3232177_1_03,,
3232177_1_5,,3232177_1_04,,
3232177_2_4,,3232177_2_01,,
3232177_2_5,,3232177_2_02,,
3232177_2_6,,3232177_2_03,,
3232177_2_7,,3232177_2_04,,
3232177_3_4,,3232177_3_01,,
3232177_3_5,,3232177_3_02,,
3232177_3_6,,3232177_3_04,,
3232177_3_7,,3232177_3_03,,
3235592_1_2,,3235592_1_04,,
3235592_1_3,,3235592_1_03,,
3239573_1_3,,3239573_1_03,,
3239573_1_5,,3239573_1_04,,
3239573_2_2,,3239573_2_01,,
3239573_2_3,,3239573_2_02,,
3239573_2_4,,3239573_2_03,,
3239573_3_4,,3239573_3_01,,
3239573_3_5,,3239573_3_02,,
3239573_3_6,,3239573_3_03,,
3239573_3_7,,3239573_3_04,,
3239573_4_4,,3239573_4_01,,
3239573_4_5,,3239573_4_02,,
3239573_4_6,,3239573_4_04,,
3239573_4_7,,3239573_4_03,,
3249037_1_2,,3249037_1_01,,
3249037_1_3,,3249037_1_02,,
3249037_1_4,,3249037_1_04,,
3249037_1_5,,3249037_1_03,,
3249037_2_2,,3249037_2_01,,
3249037_2_3,,3249037_2_02,,
3249037_2_5,,3249037_2_03,,
3249037_2_6,,3249037_2_04,,
3254604_1_2,,3254604_1_04,,
3254604_1_3,,3254604_1_03,,
3254604_2_10,,3254604_2_04,,
3254604_2_2,,3254604_2_01,,
3254604_2_3,,3254604_2_02,,
3254604_2_4,,3254604_2_03,,
3254604_3_4,,3254604_3_01,,
3254604_3_5,,3254604_3_02,,
3254604_3_6,,3254604_3_04,,
3254604_3_7,,3254604_3_03,,
3254604_4_4,,3254604_4_01,,
3254604_4_5,,3254604_4_02,,
3254604_4_6,,3254604_4_04,,
3254604_4_7,,3254604_4_03,,
3257769_1_4,,3257769_1_01,,
3257769_1_5,,3257769_1_02,,
3257769_1_6,,3257769_1_04,,
3257769_1_7,,3257769_1_03,,
3259912_1_4,,3259912_1_03,,
3259912_2_2,,3259912_2_01,,
3259912_2_3,,3259912_2_02,,
3259912_2_4,,3259912_2_03,,
3259912_2_6,,3259912_2_04,,
3259912_3_4,,3259912_3_01,,
3259912_3_5,,3259912_3_02,,
3259912_3_6,,3259912_3_03,,
3259912_3_7,,3259912_3_04,,
3262960_1_2,,3262960_1_01,,
3262960_1_3,,3262960_1_02,,
3262960_1_5,,3262960_1_04,,
3262960_1_6,,3262960_1_03,,
3262960_2_4,,3262960_2_01,,
3262960_2_5,,3262960_2_02,,
3262960_2_6,,3262960_2_04,,
3262960_2_7,,3262960_2_03,,
3262960_3_4,,3262960_3_01,,
3262960_3_5,,3262960_3_02,,
3262960_3_6,,3262960_3_03,,
3262960_3_7,,3262960_3_04,,
3292277_1_4,,3292277_1_02,,
3292277_1_5,,3292277_1_04,,
3292277_1_6,,3292277_1_03,,
3292277_2_2,,3292277_2_01,,
3292277_2_4,,3292277_2_02,,
3292277_2_5,,3292277_2_03,,
3292277_2_6,,3292277_2_04,,
3292277_3_3,,3292277_3_01,,
3292277_3_4,,3292277_3_02,,
3292277_3_5,,3292277_3_03,,
3292277_3_6,,3292277_3_04,,
3302428_1_4,,3302428_1_02,,
3302428_1_5,,3302428_1_04,,
3302428_1_6,,3302428_1_03,,
3302428_2_4,,3302428_2_02,,
3302428_2_5,,3302428_2_04,,
3302428_2_6,,3302428_2_03,,
3302428_3_4,,3302428_3_01,,
3302428_3_5,,3302428_3_02,,
3302428_3_6,,3302428_3_04,,
3302428_3_7,,3302428_3_03,,
3306793_1_2,,3306793_1_01,,
3306793_1_5,,3306793_1_04,,
3306793_1_6,,3306793_1_03,,
3306793_2_2,,3306793_2_01,,
3306793_2_3,,3306793_2_02,,
3306793_2_5,,3306793_2_03,,
3306793_2_6,,3306793_2_04,,
3306793_3_4,,3306793_3_01,,
3306793_3_5,,3306793_3_02,,
3306793_3_6,,3306793_3_03,,
3306793_3_7,,3306793_3_04,,
3328223_1_4,,3328223_1_02,,
3328223_1_5,,3328223_1_03,,
3328223_1_6,,3328223_1_04,,
3328223_2_4,,3328223_2_01,,
3328223_2_5,,3328223_2_02,,
3328223_2_6,,3328223_2_03,,
3328223_2_7,,3328223_2_04,,
3328223_3_4,,3328223_3_01,,
3328223_3_5,,3328223_3_02,,
3328223_3_6,,3328223_3_04,,
3328223_3_7,,3328223_3_03,,
3328223_4_4,,3328223_4_01,,
3328223_4_5,,3328223_4_02,,
3328223_4_6,,3328223_4_03,,
3328223_4_7,,3328223_4_04,,
3330357_1_3,,3330357_1_01,,
3330357_1_4,,3330357_1_02,,
3330357_1_5,,3330357_1_03,,
3330357_1_6,,3330357_1_04,,
3330357_2_4,,3330357_2_01,,
3330357_2_5,,3330357_2_02,,
3330357_2_6,,3330357_2_04,,
3330357_2_7,,3330357_2_03,,
3338733_1_2,,3338733_1_01,,
3338733_1_3,,3338733_1_02,,
3338733_1_4,,3338733_1_03,,
3338733_1_6,,3338733_1_04,,
3338733_2_5,,3338733_2_01,,
3338733_2_6,,3338733_2_02,,
3338733_2_7,,3338733_2_03,,
3338733_2_9,,3338733_2_04,,
3338733_3_3,,3338733_3_01,,
3338733_3_4,,3338733_3_02,,
3338733_3_5,,3338733_3_04,,
3338733_3_6,,3338733_3_03,,
3341677_1_3,,3341677_1_02,,
3341677_1_4,,3341677_1_01,,
3341677_1_6,,3341677_1_04,,
3341677_1_7,,3341677_1_03,,
3342001_1_3,,3342001_1_02,,
3342001_1_4,,3342001_1_03,,
3342001_1_5,,3342001_1_04,,
3343637_1_2,,3343637_1_01,,
3343637_1_3,,3343637_1_02,,
3343637_1_5,,3343637_1_03,,
3343637_1_6,,3343637_1_04,,
3343637_2_5,,3343637_2_02,,
3343637_2_7,,3343637_2_04,,
3356346_1_4,,3356346_1_02,,
3356346_1_5,,3356346_1_04,,
3356346_1_6,,3356346_1_03,,
3356346_2_3,,3356346_2_01,,
3356346_2_4,,3356346_2_02,,
3356346_2_5,,3356346_2_04,,
3356346_2_6,,3356346_2_03,,
3356346_3_4,,3356346_3_01,,
3356346_3_5,,3356346_3_02,,
3356346_3_6,,3356346_3_04,,
3356346_3_7,,3356346_3_03,,
3358926_1_4,,3358926_1_02,,
3358926_1_5,,3358926_1_04,,
3358926_1_6,,3358926_1_03,,
3358926_2_5,,3358926_2_01,,
3358926_2_6,,3358926_2_02,,
3358926_2_7,,3358926_2_03,,
3358926_2_8,,3358926_2_04,,
3358926_3_4,,3358926_3_01,,
3358926_3_5,,3358926_3_02,,
3358926_3_6,,3358926_3_04,,
3358926_3_7,,3358926_3_03,,
3360842_2_4,,3360842_2_01,,
3360842_2_5,,3360842_2_02,,
3360842_2_6,,3360842_2_03,,
3360842_2_8,,3360842_2_04,,
3365360_1_2,,3365360_1_01,,
3365360_1_3,,3365360_1_03,,
3365360_1_4,,3365360_1_02,,
3365360_1_5,,3365360_1_04,,
3365360_2_4,,3365360_2_01,,
3365360_2_5,,3365360_2_02,,
3365360_2_6,,3365360_2_03,,
3365360_2_8,,3365360_2_04,,
3365360_3_4,,3365360_3_01,,
3365360_3_5,,3365360_3_02,,
3365360_3_6,,3365360_3_03,,
3365360_3_7,,3365360_3_04,,
3365372_1_2,,3365372_1_01,,
3365372_1_3,,3365372_1_02,,
3365372_1_4,,3365372_1_03,,
3365372_1_5,,3365372_1_04,,
3365372_2_5,,3365372_2_01,,
3365372_2_6,,3365372_2_02,,
3365372_2_8,,3365372_2_04,,
3365372_2_9,,3365372_2_03,,
3365372_3_4,,3365372_3_01,,
3365372_3_5,,3365372_3_02,,
3365372_3_6,,3365372_3_04,,
3365372_3_7,,3365372_3_03,,
3371888_1_4,,3371888_1_02,,
3371888_1_5,,3371888_1_04,,
3371888_1_6,,3371888_1_03,,
3371888_2_4,,3371888_2_01,,
3371888_2_5,,3371888_2_02,,
3371888_2_6,,3371888_2_03,,
3371888_2_7,,3371888_2_04,,
3371888_3_4,,3371888_3_01,,
3371888_3_5,,3371888_3_02,,
3371888_3_6,,3371888_3_04,,
3371888_3_7,,3371888_3_03,,
3374841_1_4,,3374841_1_02,,
3374841_1_5,,3374841_1_04,,
3374841_1_6,,3374841_1_03,,
3374841_2_4,,3374841_2_01,,
3374841_2_5,,3374841_2_02,,
3374841_2_6,,3374841_2_03,,
3374841_2_7,,3374841_2_04,,
3374841_3_4,,3374841_3_01,,
3374841_3_5,,3374841_3_02,,
3374841_3_6,,3374841_3_04,,
3374841_3_7,,3374841_3_03,,
3375535_1_4,,3375535_1_02,,
3375535_1_5,,3375535_1_04,,
3375535_1_6,,3375535_1_03,,
3375535_2_11,,3375535_2_03,,
3375535_2_12,,3375535_2_04,,
3375535_2_7,,3375535_2_01,,
3375535_2_8,,3375535_2_02,,
3390585_1_3,,3390585_1_01,,
3390585_1_4,,3390585_1_02,,
3390597_1_4,,3390597_1_02,,
3390597_1_5,,3390597_1_04,,
3390597_1_6,,3390597_1_03,,
3390597_2_5,,3390597_2_04,,
3390597_2_7,,3390597_2_01,,
3390597_2_8,,3390597_2_02,,
3390597_2_9,,3390597_2_03,,
3390597_3_4,,3390597_3_01,,
3390597_3_5,,3390597_3_02,,
3390597_3_6,,3390597_3_04,,
3390597_3_7,,3390597_3_03,,
3391140_1_4,,3391140_1_02,,
3391140_1_5,,3391140_1_04,,
3391140_1_6,,3391140_1_03,,
3391140_2_4,,3391140_2_01,,
3391140_2_5,,3391140_2_02,,
3391140_2_7,,3391140_2_04,,
3391140_2_8,,3391140_2_03,,
3391140_3_4,,3391140_3_01,,
3391140_3_5,,3391140_3_02,,
3391140_3_6,,3391140_3_04,,
3391140_3_7,,3391140_3_03,,
3391140_4_4,,3391140_4_01,,
3391140_4_5,,3391140_4_02,,
3391140_4_6,,3391140_4_04,,
3391140_4_7,,3391140_4_03,,
3393768_1_2,,3393768_1_01,,
3393768_1_3,,3393768_1_02,,
3393768_1_4,,3393768_1_03,,
3393768_1_6,,3393768_1_04,,
3393768_2_5,,3393768_2_01,,
3393768_2_6,,3393768_2_02,,
3393768_2_8,,3393768_2_04,,
3393768_2_9,,3393768_2_03,,
3396976_1_3,,3396976_1_01,,
3396976_1_4,,3396976_1_02,,
3396976_1_5,,3396976_1_03,,
3396976_1_6,,3396976_1_04,,
3396976_2_4,,3396976_2_01,,
3396976_2_5,,3396976_2_02,,
3396976_2_6,,3396976_2_03,,
3396976_2_7,,3396976_2_04,,
3396976_3_4,,3396976_3_01,,
3396976_3_5,,3396976_3_02,,
3396976_3_6,,3396976_3_03,,
3396976_3_7,,3396976_3_04,,
3398870_1_2,,3398870_1_01,,
3398870_1_3,,3398870_1_02,,
3398870_1_4,,3398870_1_03,,
3398870_1_6,,3398870_1_04,,
3398870_2_4,,3398870_2_01,,
3398870_2_5,,3398870_2_02,,
3398870_2_6,,3398870_2_04,,
3398870_2_8,,3398870_2_03,,
3400190_1_2,,3400190_1_01,,
3400190_1_4,,3400190_1_02,,
3400190_1_5,,3400190_1_03,,
3400190_1_6,,3400190_1_04,,
3400190_2_4,,3400190_2_01,,
3400190_2_6,,3400190_2_03,,
3400190_2_7,,3400190_2_04,,
3400190_3_4,,3400190_3_01,,
3400190_3_5,,3400190_3_02,,
3400190_3_6,,3400190_3_04,,
3400682_1_2,,3400682_1_03,,
3400682_1_5,,3400682_1_02,,
3400682_1_6,,3400682_1_04,,
3400700_1_4,,3400700_1_02,,
3400700_1_5,,3400700_1_04,,
3400700_1_6,,3400700_1_03,,
3400700_2_4,,3400700_2_01,,
3400700_2_5,,3400700_2_02,,
3400700_2_7,,3400700_2_04,,
3400700_2_8,,3400700_2_03,,
3400700_3_4,,3400700_3_01,,
3400700_3_5,,3400700_3_02,,
3400700_3_6,,3400700_3_04,,
3400700_3_7,,3400700_3_03,,
3400761_1_2,,3400761_1_01,,
3400761_1_3,,3400761_1_02,,
3400761_1_4,,3400761_1_03,,
3400761_1_5,,3400761_1_04,,
3400761_2_3,,3400761_2_01,,
3400761_2_4,,3400761_2_02,,
3400761_2_5,,3400761_2_03,,
3400761_2_7,,3400761_2_04,,
3400761_3_4,,3400761_3_01,,
3400761_3_5,,3400761_3_02,,
3400761_3_6,,3400761_3_04,,
3400761_3_7,,3400761_3_03,,
3402617_1_2,,3402617_1_01,,
3402617_1_3,,3402617_1_02,,
3402617_1_4,,3402617_1_03,,
3402617_1_6,,3402617_1_04,,
3402617_2_4,,3402617_2_01,,
3402617_2_5,,3402617_2_02,,
3402617_2_6,,3402617_2_03,,
3402617_2_7,,3402617_2_04,,
3402617_3_4,,3402617_3_01,,
3402617_3_5,,3402617_3_02,,
3402617_3_6,,3402617_3_04,,
3402617_3_7,,3402617_3_03,,
3406672_1_4,,3406672_1_02,,
3406672_1_5,,3406672_1_04,,
3406672_1_6,,3406672_1_03,,
3406672_2_4,,3406672_2_01,,
3406672_2_5,,3406672_2_04,,
3406672_2_6,,3406672_2_02,,
3406672_2_7,,3406672_2_03,,
3406684_1_4,,3406684_1_02,,
3406684_1_5,,3406684_1_04,,
3406684_1_6,,3406684_1_03,,
3406684_2_4,,3406684_2_01,,
3406684_2_5,,3406684_2_02,,
3406684_2_6,,3406684_2_03,,
3406684_2_8,,3406684_2_04,,
3406684_3_4,,3406684_3_01,,
3406684_3_5,,3406684_3_02,,
3406684_3_6,,3406684_3_04,,
3406684_3_7,,3406684_3_03,,
3410882_1_2,,3410882_1_01,,
3410882_1_3,,3410882_1_02,,
3410882_1_5,,3410882_1_04,,
3410882_1_6,,3410882_1_03,,
3410882_2_4,,3410882_2_01,,
3410882_2_5,,3410882_2_02,,
3410882_2_6,,3410882_2_04,,
3410882_2_8,,3410882_2_03,,
3411369_1_2,,3411369_1_01,,
3411369_1_3,,3411369_1_02,,
3411369_1_5,,3411369_1_04,,
3411369_1_6,,3411369_1_03,,
3411369_2_4,,3411369_2_01,,
3411369_2_5,,3411369_2_02,,
3411369_2_6,,3411369_2_03,,
3411369_2_7,,3411369_2_04,,
3411369_3_4,,3411369_3_01,,
3411369_3_5,,3411369_3_02,,
3411369_3_6,,3411369_3_03,,
3411369_3_7,,3411369_3_04,,
3411369_4_4,,3411369_4_01,,
3411369_4_5,,3411369_4_02,,
3411369_4_6,,3411369_4_04,,
3411369_4_7,,3411369_4_03,,
3411412_1_4,,3411412_1_01,,
3411412_1_5,,3411412_1_02,,
3411412_1_6,,3411412_1_04,,
3411412_1_7,,3411412_1_03,,
3433419_1_2,,3433419_1_01,,
3433419_1_3,,3433419_1_02,,
3433419_1_5,,3433419_1_04,,
3433419_1_6,,3433419_1_03,,
3433419_2_4,,3433419_2_01,,
3433419_2_5,,3433419_2_02,,
3433419_2_6,,3433419_2_04,,
3433419_2_7,,3433419_2_03,,
3433419_3_4,,3433419_3_01,,
3433419_3_5,,3433419_3_02,,
3433419_3_6,,3433419_3_04,,
3433419_3_7,,3433419_3_03,,
3434527_1_4,,3434527_1_02,,
3434527_1_5,,3434527_1_04,,
3434527_1_6,,3434527_1_03,,
3434527_2_4,,3434527_2_01,,
3434527_2_5,,3434527_2_02,,
3434527_2_6,,3434527_2_03,,
3434527_2_7,,3434527_2_04,,
3434527_3_4,,3434527_3_01,,
3434527_3_5,,3434527_3_02,,
3434527_3_6,,3434527_3_04,,
3434527_3_7,,3434527_3_03,,
3435106_1_3,,3435106_1_02,,
3435106_1_5,,3435106_1_04,,
3435106_1_6,,3435106_1_03,,
3435106_1_7,,3435106_1_01,,
3435106_2_4,,3435106_2_01,,
3435106_2_5,,3435106_2_03,,
3435106_2_6,,3435106_2_02,,
3435106_2_8,,3435106_2_04,,
3435106_3_4,,3435106_3_01,,
3435106_3_5,,3435106_3_02,,
3435106_3_6,,3435106_3_04,,
3435106_3_7,,3435106_3_03,,
3435155_1_4,,3435155_1_01,,
3435155_1_6,,3435155_1_04,,
3435155_1_7,,3435155_1_03,,
3435155_1_8,,3435155_1_02,,
3435295_1_4,,3435295_1_02,,
3435295_1_5,,3435295_1_04,,
3435295_1_6,,3435295_1_03,,
3435295_2_4,,3435295_2_01,,
3435295_2_5,,3435295_2_02,,
3435295_2_6,,3435295_2_03,,
3435295_2_7,,3435295_2_04,,
3435295_3_4,,3435295_3_01,,
3435295_3_5,,3435295_3_02,,
3435295_3_6,,3435295_3_04,,
3435295_3_7,,3435295_3_03,,
3435301_1_2,,3435301_1_01,,
3435301_1_3,,3435301_1_02,,
3435301_1_5,,3435301_1_04,,
3435301_1_6,,3435301_1_03,,
3435301_2_4,,3435301_2_01,,
3435301_2_5,,3435301_2_02,,
3435301_2_6,,3435301_2_03,,
3435301_2_7,,3435301_2_04,,
3435301_3_4,,3435301_3_01,,
3435301_3_5,,3435301_3_02,,
3435301_3_6,,3435301_3_04,,
3435301_3_7,,3435301_3_03,,
3438909_1_2,,3438909_1_01,,
3438909_1_3,,3438909_1_02,,
3438909_1_5,,3438909_1_04,,
3438909_1_6,,3438909_1_03,,
3438909_2_4,,3438909_2_01,,
3438909_2_5,,3438909_2_02,,
3438909_2_6,,3438909_2_03,,
3438909_2_7,,3438909_2_04,,
3438909_3_4,,3438909_3_01,,
3438909_3_5,,3438909_3_02,,
3438909_3_6,,3438909_3_04,,
3438909_3_7,,3438909_3_03,,
3441775_1_4,,3441775_1_02,,
3441775_1_5,,3441775_1_04,,
3441775_1_6,,3441775_1_03,,
3441775_2_4,,3441775_2_01,,
3441775_2_5,,3441775_2_02,,
3441775_2_6,,3441775_2_03,,
3441775_2_7,,3441775_2_04,,
3441775_3_4,,3441775_3_01,,
3441775_3_5,,3441775_3_02,,
3441775_3_6,,3441775_3_04,,
3441775_3_7,,3441775_3_03,,
3444843_1_4,,3444843_1_02,,
3444843_1_5,,3444843_1_04,,
3444843_1_6,,3444843_1_03,,
3444843_2_4,,3444843_2_01,,
3444843_2_5,,3444843_2_02,,
3444843_2_6,,3444843_2_04,,
3444843_2_7,,3444843_2_03,,
3444843_3_3,,3444843_3_01,,
3444843_3_4,,3444843_3_02,,
3444843_3_6,,3444843_3_04,,
3451173_1_2,,3451173_1_01,,
3451173_1_3,,3451173_1_02,,
3451173_1_5,,3451173_1_04,,
3451173_1_6,,3451173_1_03,,
3454368_1_2,,3454368_1_01,,
3454368_1_3,,3454368_1_02,,
3454368_1_4,,3454368_1_03,,
3454368_1_6,,3454368_1_04,,
3454368_2_4,,3454368_2_01,,
3454368_2_5,,3454368_2_02,,
3454368_2_6,,3454368_2_04,,
3454368_2_7,,3454368_2_03,,
3454368_3_4,,3454368_3_01,,
3454368_3_5,,3454368_3_02,,
3454368_3_6,,3454368_3_04,,
3454368_3_7,,3454368_3_03,,
3456250_1_4,,3456250_1_02,,
3456250_1_5,,3456250_1_04,,
3456250_1_6,,3456250_1_03,,
3456250_2_6,,3456250_2_03,,
3456250_2_7,,3456250_2_04,,
3456262_1_2,,3456262_1_01,,
3456262_1_3,,3456262_1_02,,
3456262_1_5,,3456262_1_04,,
3456262_1_6,,3456262_1_03,,
3456262_2_4,,3456262_2_01,,
3456262_2_6,,3456262_2_02,,
3456262_2_7,,3456262_2_03,,
3456262_2_8,,3456262_2_04,,
3456262_3_4,,3456262_3_01,,
3456262_3_5,,3456262_3_02,,
3456262_3_6,,3456262_3_04,,
3456262_3_7,,3456262_3_03,,
3456985_1_4,,3456985_1_02,,
3456985_1_5,,3456985_1_04,,
3456985_1_6,,3456985_1_03,,
3456985_2_4,,3456985_2_01,,
3456985_2_5,,3456985_2_02,,
3456985_2_6,,3456985_2_03,,
3456985_2_8,,3456985_2_04,,
3456985_3_4,,3456985_3_02,,
3456985_3_5,,3456985_3_04,,
3456985_3_6,,3456985_3_03,,
3457254_1_2,,3457254_1_01,,
3457254_1_3,,3457254_1_02,,
3457254_1_4,,3457254_1_03,,
3457254_1_5,,3457254_1_04,,
3457254_2_2,,3457254_2_01,,
3457254_2_3,,3457254_2_02,,
3457254_2_5,,3457254_2_03,,
3457254_2_6,,3457254_2_04,,
3457254_3_4,,3457254_3_01,,
3457254_3_5,,3457254_3_02,,
3457254_3_6,,3457254_3_04,,
3457254_3_7,,3457254_3_03,,
3459147_1_4,,3459147_1_02,,
3459147_1_5,,3459147_1_04,,
3459147_1_6,,3459147_1_03,,
3459147_2_4,,3459147_2_01,,
3459147_2_5,,3459147_2_02,,
3459147_2_6,,3459147_2_04,,
3459147_2_7,,3459147_2_03,,
3459147_3_4,,3459147_3_01,,
3459147_3_5,,3459147_3_02,,
3459147_3_6,,3459147_3_04,,
3459147_3_7,,3459147_3_03,,
3459573_1_4,,3459573_1_02,,
3459573_1_5,,3459573_1_04,,
3459573_1_6,,3459573_1_03,,
3459573_2_4,,3459573_2_01,,
3459573_2_5,,3459573_2_02,,
3459573_2_7,,3459573_2_03,,
3459573_2_8,,3459573_2_04,,
3459573_3_3,,3459573_3_01,,
3459573_3_4,,3459573_3_02,,
3459573_3_5,,3459573_3_04,,
3459573_3_6,,3459573_3_03,,
3460356_1_4,,3460356_1_02,,
3460356_1_5,,3460356_1_04,,
3460356_1_6,,3460356_1_03,,
3460356_2_4,,3460356_2_01,,
3460356_2_5,,3460356_2_02,,
3460356_2_6,,3460356_2_04,,
3460356_2_7,,3460356_2_03,,
3465524_1_2,,3465524_1_01,,
3465524_1_3,,3465524_1_02,,
3465524_1_5,,3465524_1_03,,
3465524_1_6,,3465524_1_04,,
3465524_2_2,,3465524_2_01,,
3465524_2_3,,3465524_2_02,,
3465524_2_5,,3465524_2_03,,
3465524_2_6,,3465524_2_04,,
3465524_3_5,,3465524_3_04,,
3467764_1_2,,3467764_1_01,,
3467764_1_3,,3467764_1_02,,
3467764_1_5,,3467764_1_04,,
3467764_1_6,,3467764_1_03,,
3467764_2_3,,3467764_2_01,,
3467764_2_4,,3467764_2_02,,
3467764_2_5,,3467764_2_04,,
3467764_2_6,,3467764_2_03,,
3468549_1_2,,3468549_1_01,,
3468549_1_3,,3468549_1_02,,
3468549_1_4,,3468549_1_03,,
3468549_1_6,,3468549_1_04,,
3468689_1_2,,3468689_1_01,,
3468689_1_3,,3468689_1_02,,
3468689_1_5,,3468689_1_04,,
3468689_1_6,,3468689_1_03,,
3468884_1_2,,3468884_1_01,,
3468884_1_3,,3468884_1_02,,
3468884_1_5,,3468884_1_04,,
3468884_1_6,,3468884_1_03,,
3477691_1_2,,3477691_1_01,,
3477691_1_3,,3477691_1_02,,
3477691_1_5,,3477691_1_04,,
3477691_1_6,,3477691_1_03,,
3479808_1_3,,3479808_1_02,,
3479808_1_6,,3479808_1_04,,
3479808_1_7,,3479808_1_03,,
3486953_1_2,,3486953_1_01,,
3486953_1_3,,3486953_1_02,,
3486953_1_5,,3486953_1_03,,
3486953_1_7,,3486953_1_04,,
3486953_2_4,,3486953_2_01,,
3486953_2_5,,3486953_2_02,,
3486953_2_6,,3486953_2_04,,
3486953_2_7,,3486953_2_03,,
3486953_3_4,,3486953_3_01,,
3486953_3_5,,3486953_3_02,,
3486953_3_6,,3486953_3_03,,
3486953_3_7,,3486953_3_04,,
3487337_1_2,,3487337_1_01,,
3487337_1_3,,3487337_1_02,,
3487337_1_5,,3487337_1_03,,
3487337_1_6,,3487337_1_04,,
3487337_2_4,,3487337_2_01,,
3487337_2_5,,3487337_2_02,,
3487337_2_6,,3487337_2_03,,
3487337_2_7,,3487337_2_04,,
3487337_3_4,,3487337_3_01,,
3487337_3_5,,3487337_3_02,,
3487337_3_6,,3487337_3_04,,
3487337_3_7,,3487337_3_03,,
3487520_1_2,,3487520_1_01,,
3487520_1_3,,3487520_1_02,,
3487520_1_5,,3487520_1_03,,
3487520_1_6,,3487520_1_04,,
3487520_2_3,,3487520_2_01,,
3487520_2_4,,3487520_2_02,,
3487520_2_5,,3487520_2_04,,
3487520_2_7,,3487520_2_03,,
3487520_3_4,,3487520_3_01,,
3487520_3_5,,3487520_3_02,,
3487520_3_6,,3487520_3_04,,
3487520_3_7,,3487520_3_03,,
3492862_1_3,,3492862_1_01,,
3492862_1_4,,3492862_1_02,,
3492862_1_5,,3492862_1_03,,
3492862_1_6,,3492862_1_04,,
3492862_2_4,,3492862_2_01,,
3492862_2_5,,3492862_2_02,,
3492862_2_6,,3492862_2_03,,
3492862_2_8,,3492862_2_04,,
3492862_3_4,,3492862_3_01,,
3492862_3_5,,3492862_3_02,,
3492862_3_6,,3492862_3_04,,
3492862_3_7,,3492862_3_03,,
3494421_1_4,,3494421_1_01,,
3494421_1_5,,3494421_1_02,,
3494421_1_7,,3494421_1_03,,
3494421_1_8,,3494421_1_04,,
3494421_2_4,,3494421_2_01,,
3494421_2_5,,3494421_2_02,,
3494421_2_6,,3494421_2_04,,
3494421_2_7,,3494421_2_03,,
3494421_3_4,,3494421_3_01,,
3494421_3_5,,3494421_3_02,,
3494421_3_6,,3494421_3_03,,
3494421_3_7,,3494421_3_04,,
3495565_1_2,,3495565_1_01,,
3495565_1_3,,3495565_1_02,,
3495565_1_5,,3495565_1_03,,
3495565_1_6,,3495565_1_04,,
3495565_2_5,,3495565_2_04,,
3495565_2_6,,3495565_2_03,,
3495565_3_5,,3495565_3_02,,
3495565_3_6,,3495565_3_03,,
3495565_3_8,,3495565_3_04,,
3495565_4_4,,3495565_4_01,,
3495565_4_5,,3495565_4_02,,
3495565_4_6,,3495565_4_04,,
3495565_4_7,,3495565_4_03,,
3495565_5_4,,3495565_5_01,,
3495565_5_5,,3495565_5_02,,
3495565_5_6,,3495565_5_04,,
3495565_5_7,,3495565_5_03,,
3495565_6_4,,3495565_6_01,,
3495565_6_5,,3495565_6_02,,
3495565_6_6,,3495565_6_03,,
3495565_6_7,,3495565_6_04,,
3497756_1_4,,3497756_1_02,,
3497756_1_5,,3497756_1_04,,
3497756_1_6,,3497756_1_03,,
3497756_2_4,,3497756_2_01,,
3497756_2_5,,3497756_2_02,,
3497756_2_6,,3497756_2_04,,
3497756_2_7,,3497756_2_03,,
3497756_3_5,,3497756_3_02,,
3497756_3_6,,3497756_3_03,,
3497756_3_8,,3497756_3_04,,
3497756_4_3,,3497756_4_01,,
3497756_4_4,,3497756_4_02,,
3497756_4_5,,3497756_4_03,,
3497756_4_6,,3497756_4_04,,
3497756_5_4,,3497756_5_01,,
3497756_5_5,,3497756_5_02,,
3497756_5_6,,3497756_5_04,,
3497756_5_7,,3497756_5_03,,
3497756_6_4,,3497756_6_01,,
3497756_6_5,,3497756_6_02,,
3497756_6_6,,3497756_6_04,,
3497756_6_7,,3497756_6_03,,
3498037_1_2,,3498037_1_01,,
3498037_1_5,,3498037_1_04,,
3498037_1_6,,3498037_1_03,,
3498037_2_4,,3498037_2_01,,
3498037_2_5,,3498037_2_02,,
3498037_2_6,,3498037_2_04,,
3498037_2_7,,3498037_2_03,,
3505248_1_2,,3505248_1_01,,
3505248_1_3,,3505248_1_02,,
3505248_1_5,,3505248_1_03,,
3505248_1_6,,3505248_1_04,,
3505248_2_4,,3505248_2_01,,
3505248_2_5,,3505248_2_02,,
3505248_2_6,,3505248_2_04,,
3505248_2_7,,3505248_2_03,,
3508055_1_2,,3508055_1_01,,
3508055_1_3,,3508055_1_02,,
3508055_1_5,,3508055_1_03,,
3508055_1_7,,3508055_1_04,,
3508055_2_3,,3508055_2_01,,
3508055_2_4,,3508055_2_02,,
3508055_2_5,,3508055_2_04,,
3508055_2_6,,3508055_2_03,,
3508055_3_3,,3508055_3_01,,
3508055_3_4,,3508055_3_02,,
3508055_3_5,,3508055_3_04,,
3508055_3_6,,3508055_3_03,,
3511844_1_3,,3511844_1_01,,
3511844_1_4,,3511844_1_02,,
3511844_1_5,,3511844_1_03,,
3511844_1_6,,3511844_1_04,,
3511844_2_4,,3511844_2_01,,
3511844_2_5,,3511844_2_02,,
3511844_2_6,,3511844_2_04,,
3511844_2_7,,3511844_2_03,,
3511911_1_4,,3511911_1_02,,
3511911_1_5,,3511911_1_04,,
3511911_1_6,,3511911_1_03,,
3511911_2_4,,3511911_2_01,,
3511911_2_5,,3511911_2_02,,
3511911_2_6,,3511911_2_04,,
3511911_2_7,,3511911_2_03,,
3512757_1_2,,3512757_1_01,,
3512757_1_3,,3512757_1_02,,
3512757_1_5,,3512757_1_03,,
3512757_1_7,,3512757_1_04,,
3512757_2_4,,3512757_2_01,,
3512757_2_5,,3512757_2_02,,
3512757_2_6,,3512757_2_04,,
3512757_2_7,,3512757_2_03,,
3512757_3_4,,3512757_3_01,,
3512757_3_5,,3512757_3_02,,
3512757_3_6,,3512757_3_03,,
3512757_3_8,,3512757_3_04,,
3512757_4_4,,3512757_4_02,,
3512757_4_5,,3512757_4_04,,
3512757_4_6,,3512757_4_03,,
3512757_5_4,,3512757_5_01,,
3512757_5_5,,3512757_5_02,,
3512757_5_6,,3512757_5_04,,
3512757_5_7,,3512757_5_03,,
3512757_6_4,,3512757_6_01,,
3512757_6_5,,3512757_6_02,,
3512757_6_6,,3512757_6_03,,
3512757_6_7,,3512757_6_04,,
3513373_1_2,,3513373_1_01,,
3513373_1_3,,3513373_1_02,,
3513373_1_5,,3513373_1_03,,
3513373_1_6,,3513373_1_04,,
3526239_1_4,,3526239_1_01,,
3526239_1_5,,3526239_1_02,,
3526239_1_6,,3526239_1_04,,
3526239_1_7,,3526239_1_03,,
3532720_1_4,,3532720_1_01,,
3532720_1_5,,3532720_1_02,,
3532720_1_6,,3532720_1_04,,
3532720_1_8,,3532720_1_03,,
3532720_2_4,,3532720_2_01,,
3532720_2_5,,3532720_2_02,,
3532720_2_6,,3532720_2_04,,
3532720_2_7,,3532720_2_03,,
3532732_1_4,,3532732_1_01,,
3532732_1_5,,3532732_1_02,,
3532732_1_6,,3532732_1_03,,
3532732_1_7,,3532732_1_04,,
3532732_2_4,,3532732_2_01,,
3532732_2_5,,3532732_2_02,,
3532732_2_6,,3532732_2_04,,
3532732_2_7,,3532732_2_03,,
3539982_1_4,,3539982_1_01,,
3539982_1_5,,3539982_1_02,,
3539982_1_7,,3539982_1_03,,
3539982_1_8,,3539982_1_04,,
3539982_2_4,,3539982_2_01,,
3539982_2_5,,3539982_2_02,,
3539982_2_6,,3539982_2_04,,
3539982_2_7,,3539982_2_03,,
3545982_1_4,,3545982_1_02,,
3545982_1_5,,3545982_1_04,,
3545982_1_6,,3545982_1_03,,
3545982_2_4,,3545982_2_01,,
3545982_2_5,,3545982_2_02,,
3545982_2_6,,3545982_2_04,,
3545982_2_7,,3545982_2_03,,
3560521_1_3,,3560521_1_01,,
3560521_1_4,,3560521_1_02,,
3560521_1_5,,3560521_1_04,,
3560521_1_6,,3560521_1_03,,
3560521_2_4,,3560521_2_01,,
3560521_2_5,,3560521_2_02,,
3560521_2_6,,3560521_2_04,,
3560521_2_7,,3560521_2_03,,
3565452_1_4,,3565452_1_01,,
3565452_1_5,,3565452_1_02,,
3565452_1_7,,3565452_1_04,,
3565452_1_8,,3565452_1_03,,
3565452_2_4,,3565452_2_01,,
3565452_2_5,,3565452_2_02,,
3565452_2_6,,3565452_2_04,,
3565452_2_7,,3565452_2_03,,
3580350_1_2,,3580350_1_01,,
3580350_1_3,,3580350_1_02,,
3580350_1_5,,3580350_1_04,,
3580350_1_6,,3580350_1_03,,
3580350_2_4,,3580350_2_01,,
3580350_2_5,,3580350_2_02,,
3580350_2_6,,3580350_2_03,,
3580350_2_8,,3580350_2_04,,
3580362_1_4,,3580362_1_01,,
3580362_1_5,,3580362_1_02,,
3580362_1_7,,3580362_1_04,,
3580362_1_8,,3580362_1_03,,
3580362_2_4,,3580362_2_01,,
3580362_2_5,,3580362_2_02,,
3580362_2_6,,3580362_2_04,,
3580362_2_7,,3580362_2_03,,
3580374_1_2,,3580374_1_01,,
3580374_1_3,,3580374_1_02,,
3580374_1_5,,3580374_1_03,,
3580374_1_6,,3580374_1_04,,
3580374_2_4,,3580374_2_01,,
3580374_2_5,,3580374_2_02,,
3580374_2_6,,3580374_2_04,,
3580374_2_7,,3580374_2_03,,
3580398_1_2,,3580398_1_01,,
3580398_1_3,,3580398_1_02,,
3580398_1_6,,3580398_1_04,,
3580398_1_7,,3580398_1_03,,
3580398_2_4,,3580398_2_01,,
3580398_2_5,,3580398_2_04,,
3580398_2_6,,3580398_2_02,,
3580398_2_7,,3580398_2_03,,
3584008_1_3,,3584008_1_01,,
3584008_1_4,,3584008_1_02,,
3584008_1_5,,3584008_1_04,,
3584008_1_6,,3584008_1_03,,
3584008_2_4,,3584008_2_01,,
3584008_2_5,,3584008_2_02,,
3584008_2_8,,3584008_2_03,,
3584008_2_9,,3584008_2_04,,
3588208_1_2,,3588208_1_01,,
3588208_1_3,,3588208_1_02,,
3588208_1_4,,3588208_1_03,,
3588208_1_5,,3588208_1_04,,
3588208_2_4,,3588208_2_01,,
3588208_2_5,,3588208_2_02,,
3588208_2_6,,3588208_2_04,,
3588208_2_7,,3588208_2_03,,
3604706_1_4,,3604706_1_01,,
3604706_1_5,,3604706_1_02,,
3604706_1_6,,3604706_1_04,,
3604706_1_7,,3604706_1_03,,
3608116_1_10,,3608116_1_04,,
3608116_1_4,,3608116_1_01,,
3608116_1_5,,3608116_1_02,,
3608116_1_9,,3608116_1_03,,
3608116_2_7,,3608116_2_03,,
3608116_2_8,,3608116_2_04,,
3613586_1_4,,3613586_1_01,,
3613586_1_5,,3613586_1_02,,
3613586_1_7,,3613586_1_04,,
3613586_1_8,,3613586_1_03,,
3613586_2_4,,3613586_2_01,,
3613586_2_5,,3613586_2_02,,
3613586_2_6,,3613586_2_04,,
3613586_2_7,,3613586_2_03,,
3613598_1_4,,3613598_1_01,,
3613598_1_5,,3613598_1_02,,
3613598_1_6,,3613598_1_03,,
3613598_1_8,,3613598_1_04,,
3613598_2_3,,3613598_2_01,,
3613598_2_4,,3613598_2_02,,
3613598_2_5,,3613598_2_04,,
3613598_2_6,,3613598_2_03,,
3615716_1_4,,3615716_1_02,,
3615716_1_5,,3615716_1_03,,
3615716_1_6,,3615716_1_01,,
3615716_1_7,,3615716_1_04,,
3615716_2_6,,3615716_2_01,,
3615716_2_7,,3615716_2_02,,
3615716_2_8,,3615716_2_03,,
3615716_2_9,,3615716_2_04,,
3615728_1_5,,3615728_1_01,,
3615728_1_6,,3615728_1_02,,
3615728_1_8,,3615728_1_03,,
3615728_1_9,,3615728_1_04,,
3615728_2_4,,3615728_2_01,,
3615728_2_5,,3615728_2_02,,
3615728_2_6,,3615728_2_04,,
3615728_2_7,,3615728_2_03,,
3616903_1_3,,3616903_1_01,,
3616903_1_4,,3616903_1_02,,
3616903_1_5,,3616903_1_03,,
3616903_1_6,,3616903_1_04,,
3616903_2_3,,3616903_2_01,,
3616903_2_4,,3616903_2_02,,
3616903_2_5,,3616903_2_03,,
3616903_2_6,,3616903_2_04,,
3618869_1_5,,3618869_1_01,,
3618869_1_6,,3618869_1_02,,
3618869_1_7,,3618869_1_03,,
3618869_1_9,,3618869_1_04,,
3618869_2_5,,3618869_2_01,,
3618869_2_6,,3618869_2_02,,
3618869_2_7,,3618869_2_04,,
3618869_2_8,,3618869_2_03,,
3620633_1_3,,3620633_1_01,,
3620633_1_5,,3620633_1_02,,
3620633_1_6,,3620633_1_03,,
3620633_1_7,,3620633_1_04,,
3620633_2_4,,3620633_2_01,,
3620633_2_5,,3620633_2_02,,
3620633_2_6,,3620633_2_04,,
3620633_2_7,,3620633_2_03,,
3621625_1_4,,3621625_1_01,,
3621625_1_5,,3621625_1_02,,
3621625_1_6,,3621625_1_03,,
3621625_1_7,,3621625_1_04,,
3621625_2_3,,3621625_2_01,,
3621625_2_4,,3621625_2_02,,
3621625_2_5,,3621625_2_04,,
3621625_2_6,,3621625_2_03,,
3623774_1_4,,3623774_1_01,,
3623774_1_5,,3623774_1_02,,
3623774_1_7,,3623774_1_04,,
3623774_1_8,,3623774_1_03,,
3623774_2_4,,3623774_2_01,,
3623774_2_5,,3623774_2_02,,
3623774_2_6,,3623774_2_04,,
3623774_2_7,,3623774_2_03,,
3623774_3_4,,3623774_3_01,,
3623774_3_5,,3623774_3_02,,
3623774_3_6,,3623774_3_04,,
3623774_3_7,,3623774_3_03,,
3623786_1_5,,3623786_1_01,,
3623786_1_6,,3623786_1_02,,
3623786_1_8,,3623786_1_04,,
3623786_1_9,,3623786_1_03,,
3623786_2_4,,3623786_2_01,,
3623786_2_5,,3623786_2_02,,
3623786_2_6,,3623786_2_04,,
3623786_2_7,,3623786_2_03,,
3636549_1_4,,3636549_1_01,,
3636549_1_5,,3636549_1_02,,
3636549_1_6,,3636549_1_03,,
3636549_1_7,,3636549_1_04,,
3639514_1_4,,3639514_1_01,,
3639514_1_5,,3639514_1_02,,
3639514_1_6,,3639514_1_03,,
3639514_1_7,,3639514_1_04,,
3639642_1_3,,3639642_1_01,,
3639642_1_4,,3639642_1_02,,
3639642_1_5,,3639642_1_03,,
3639642_1_7,,3639642_1_04,,
3640048_1_3,,3640048_1_02,,
3640048_1_6,,3640048_1_04,,
3640048_1_7,,3640048_1_03,,
3640048_2_4,,3640048_2_01,,
3640048_2_5,,3640048_2_02,,
3640048_2_6,,3640048_2_04,,
3640048_2_7,,3640048_2_03,,
3642859_1_5,,3642859_1_01,,
3642859_1_6,,3642859_1_02,,
3642859_1_7,,3642859_1_03,,
3642859_1_8,,3642859_1_04,,
3642859_2_4,,3642859_2_01,,
3642859_2_5,,3642859_2_02,,
3642859_2_6,,3642859_2_04,,
3642859_2_7,,3642859_2_03,,
3642859_3_4,,3642859_3_01,,
3642859_3_5,,3642859_3_02,,
3642859_3_6,,3642859_3_04,,
3642859_3_7,,3642859_3_03,,
3642860_1_4,,3642860_1_01,,
3642860_1_5,,3642860_1_02,,
3642860_1_6,,3642860_1_03,,
3642860_1_7,,3642860_1_04,,
3642860_2_4,,3642860_2_01,,
3642860_2_5,,3642860_2_02,,
3642860_2_6,,3642860_2_04,,
3642860_2_7,,3642860_2_03,,
3643633_1_2,,3643633_1_01,,
3643633_1_3,,3643633_1_02,,
3643633_1_4,,3643633_1_03,,
3643633_1_6,,3643633_1_04,,
3643645_1_4,,3643645_1_01,,
3643645_1_5,,3643645_1_02,,
3643645_1_6,,3643645_1_04,,
3643645_1_8,,3643645_1_03,,
3649854_1_3,,3649854_1_01,,
3649854_1_4,,3649854_1_02,,
3649854_1_6,,3649854_1_03,,
3649854_1_7,,3649854_1_04,,
3649854_2_4,,3649854_2_01,,
3649854_2_5,,3649854_2_02,,
3649854_2_6,,3649854_2_04,,
3649854_2_7,,3649854_2_03,,
3653389_1_4,,3653389_1_01,,
3653389_1_5,,3653389_1_03,,
3653389_1_6,,3653389_1_02,,
3653389_1_7,,3653389_1_04,,
3653389_2_4,,3653389_2_01,,
3653389_2_5,,3653389_2_02,,
3653389_2_6,,3653389_2_04,,
3653389_2_7,,3653389_2_03,,
3653560_1_4,,3653560_1_01,,
3653560_1_5,,3653560_1_02,,
3653560_1_6,,3653560_1_04,,
3653560_1_7,,3653560_1_03,,
3654047_1_5,,3654047_1_02,,
3654047_1_6,,3654047_1_01,,
3654047_1_7,,3654047_1_03,,
3654047_1_9,,3654047_1_04,,
3654047_2_4,,3654047_2_01,,
3654047_2_5,,3654047_2_02,,
3654047_2_6,,3654047_2_04,,
3654047_2_7,,3654047_2_03,,
3659124_1_3,,3659124_1_01,,
3659124_1_4,,3659124_1_02,,
3659124_1_5,,3659124_1_03,,
3659124_1_6,,3659124_1_04,,
3662342_1_4,,3662342_1_01,,
3662342_1_5,,3662342_1_02,,
3662342_1_7,,3662342_1_04,,
3662342_1_8,,3662342_1_03,,
3673698_1_4,,3673698_1_01,,
3673698_1_5,,3673698_1_02,,
3673698_1_6,,3673698_1_03,,
3673698_1_7,,3673698_1_04,,
3679718_1_4,,3679718_1_01,,
3679718_1_5,,3679718_1_02,,
3679718_1_6,,3679718_1_04,,
3679718_1_7,,3679718_1_03,,
3691226_1_4,,3691226_1_01,,
3691226_1_5,,3691226_1_02,,
3691226_1_6,,3691226_1_04,,
3691226_1_7,,3691226_1_03,,
3691226_2_5,,3691226_2_01,,
3691226_2_6,,3691226_2_02,,
3691226_2_7,,3691226_2_03,,
3691226_2_8,,3691226_2_04,,
3698178_1_4,,3698178_1_01,,
3698178_1_5,,3698178_1_02,,
3698178_1_6,,3698178_1_03,,
3698178_1_7,,3698178_1_04,,
3698178_2_4,,3698178_2_01,,
3698178_2_5,,3698178_2_02,,
3698178_2_6,,3698178_2_04,,
3698178_2_7,,3698178_2_03,,
3700550_1_4,,3700550_1_01,,
3700550_1_5,,3700550_1_02,,
3700550_1_8,,3700550_1_04,,
3700550_1_9,,3700550_1_03,,
3701244_1_4,,3701244_1_02,,
3701244_1_5,,3701244_1_03,,
3701244_1_6,,3701244_1_04,,
3701244_2_4,,3701244_2_01,,
3701244_2_5,,3701244_2_02,,
3701244_2_6,,3701244_2_04,,
3701244_2_8,,3701244_2_03,,
3701256_1_4,,3701256_1_03,,
3701256_1_6,,3701256_1_04,,
3701256_2_6,,3701256_2_04,,
3701268_1_4,,3701268_1_01,,
3701268_1_5,,3701268_1_02,,
3701268_1_6,,3701268_1_04,,
3701268_1_7,,3701268_1_03,,
3706916_1_4,,3706916_1_01,,
3706916_1_5,,3706916_1_02,,
3706916_1_6,,3706916_1_04,,
3706916_1_7,,3706916_1_03,,
3706916_2_6,,3706916_2_04,,
3707398_1_4,,3707398_1_01,,
3707398_1_5,,3707398_1_02,,
3707398_1_6,,3707398_1_03,,
3707398_1_7,,3707398_1_04,,
3710695_1_4,,3710695_1_01,,
3710695_1_5,,3710695_1_02,,
3710695_1_6,,3710695_1_04,,
3710695_1_7,,3710695_1_03,,
3735321_1_5,,3735321_1_01,,
3735321_1_6,,3735321_1_02,,
3735321_1_7,,3735321_1_03,,
3735321_1_9,,3735321_1_04,,
3745971_1_4,,3745971_1_01,,
3745971_1_5,,3745971_1_02,,
3745971_1_6,,3745971_1_04,,
3745971_1_7,,3745971_1_03,,
3745971_2_4,,3745971_2_01,,
3745971_2_5,,3745971_2_02,,
3745971_2_6,,3745971_2_04,,
3745971_2_7,,3745971_2_03,,
3745983_1_4,,3745983_1_01,,
3745983_1_5,,3745983_1_02,,
3745983_1_6,,3745983_1_03,,
3745983_1_7,,3745983_1_04,,
3754273_1_4,,3754273_1_01,,
3754273_1_5,,3754273_1_02,,
3754273_1_6,,3754273_1_03,,
3754273_1_7,,3754273_1_04,,
3758114_1_4,,3758114_1_01,,
3758114_1_5,,3758114_1_02,,
3758114_1_6,,3758114_1_04,,
3758114_1_7,,3758114_1_03,,
3758254_1_5,,3758254_1_01,,
3758254_1_6,,3758254_1_02,,
3758254_1_7,,3758254_1_03,,
3758254_1_8,,3758254_1_04,,
3758254_2_4,,3758254_2_01,,
3758254_2_5,,3758254_2_02,,
3758254_2_6,,3758254_2_04,,
3758254_2_7,,3758254_2_03,,
3758254_3_5,,3758254_3_02,,
3758254_3_6,,3758254_3_04,,
3758254_3_7,,3758254_3_03,,
3758643_1_4,,3758643_1_02,,
3758643_1_5,,3758643_1_04,,
3758643_1_6,,3758643_1_03,,
3758643_2_4,,3758643_2_01,,
3758643_2_5,,3758643_2_02,,
3758643_2_6,,3758643_2_03,,
3758643_2_7,,3758643_2_04,,
3759441_1_4,,3759441_1_01,,
3759441_1_5,,3759441_1_02,,
3759441_1_6,,3759441_1_04,,
3759441_1_7,,3759441_1_03,,
3759441_2_5,,3759441_2_01,,
3759441_2_6,,3759441_2_02,,
3759441_2_7,,3759441_2_03,,
3759441_2_8,,3759441_2_04,,
3759532_1_4,,3759532_1_01,,
3759532_1_5,,3759532_1_02,,
3759532_1_6,,3759532_1_03,,
3759532_1_7,,3759532_1_04,,
3774995_1_4,,3774995_1_01,,
3774995_1_5,,3774995_1_02,,
3774995_1_6,,3774995_1_04,,
3774995_2_4,,3774995_2_01,,
3774995_2_5,,3774995_2_02,,
3774995_2_6,,3774995_2_04,,
3774995_2_7,,3774995_2_03,,
3774995_3_4,,3774995_3_01,,
3774995_3_5,,3774995_3_02,,
3774995_3_6,,3774995_3_03,,
3774995_3_7,,3774995_3_04,,
3779968_1_4,,3779968_1_01,,
3779968_1_5,,3779968_1_02,,
3779968_1_6,,3779968_1_04,,
3779968_1_7,,3779968_1_03,,
3789305_1_4,,3789305_1_01,,
3789305_1_5,,3789305_1_02,,
3789305_1_6,,3789305_1_04,,
3789305_1_7,,3789305_1_03,,
3797065_1_4,,3797065_1_01,,
3797065_1_5,,3797065_1_02,,
3797065_1_6,,3797065_1_04,,
3797065_1_7,,3797065_1_03,,
3797077_1_4,,3797077_1_01,,
3797077_1_5,,3797077_1_02,,
3797077_1_6,,3797077_1_04,,
3797077_1_7,,3797077_1_03,,
3798082_1_4,,3798082_1_01,,
3798082_1_5,,3798082_1_02,,
3798082_1_6,,3798082_1_04,,
3798082_1_7,,3798082_1_03,,
3802450_1_4,,3802450_1_01,,
3802450_1_5,,3802450_1_02,,
3802450_1_6,,3802450_1_04,,
3802450_1_7,,3802450_1_03,,
3802450_2_4,,3802450_2_01,,
3802450_2_5,,3802450_2_02,,
3802450_2_6,,3802450_2_04,,
3802450_2_7,,3802450_2_03,,
3802450_3_4,,3802450_3_01,,
3802450_3_5,,3802450_3_02,,
3802450_3_6,,3802450_3_04,,
3802450_3_7,,3802450_3_03,,
3802450_4_4,,3802450_4_01,,
3802450_4_6,,3802450_4_02,,
3802450_4_7,,3802450_4_03,,
3802450_4_8,,3802450_4_04,,
3802462_1_4,,3802462_1_01,,
3802462_1_5,,3802462_1_02,,
3802462_1_6,,3802462_1_04,,
3802462_1_7,,3802462_1_03,,
3802462_2_4,,3802462_2_01,,
3802462_2_5,,3802462_2_02,,
3802462_2_6,,3802462_2_04,,
3802462_2_7,,3802462_2_03,,
3802474_1_4,,3802474_1_01,,
3802474_1_5,,3802474_1_02,,
3802474_1_6,,3802474_1_04,,
3802474_1_7,,3802474_1_03,,
3832533_1_4,,3832533_1_01,,
3832533_1_5,,3832533_1_02,,
3832533_1_6,,3832533_1_03,,
3832533_1_7,,3832533_1_04,,
3832624_1_4,,3832624_1_01,,
3832624_1_5,,3832624_1_02,,
3832624_1_6,,3832624_1_03,,
3832624_1_7,,3832624_1_04,,
3836241_1_4,,3836241_1_01,,
3836241_1_5,,3836241_1_02,,
3836241_1_6,,3836241_1_04,,
3836241_1_7,,3836241_1_03,,
3839874_1_4,,3839874_1_01,,
3839874_1_5,,3839874_1_02,,
3839874_1_6,,3839874_1_04,,
3839874_1_7,,3839874_1_03,,
3839898_1_4,,3839898_1_01,,
3839898_1_5,,3839898_1_02,,
3839898_1_6,,3839898_1_04,,
3839898_1_7,,3839898_1_03,,
3839898_2_4,,3839898_2_01,,
3839898_2_5,,3839898_2_02,,
3839898_2_6,,3839898_2_04,,
3839898_2_7,,3839898_2_03,,
3842150_1_4,,3842150_1_01,,
3842150_1_5,,3842150_1_02,,
3842150_1_6,,3842150_1_03,,
3842150_1_7,,3842150_1_04,,
3846477_1_4,,3846477_1_01,,
3846477_1_5,,3846477_1_02,,
3846477_1_6,,3846477_1_04,,
3846477_1_7,,3846477_1_03,,
3848097_1_4,,3848097_1_01,,
3848097_1_5,,3848097_1_02,,
3848097_1_7,,3848097_1_04,,
3848097_1_8,,3848097_1_03,,
3848772_1_4,,3848772_1_01,,
3848772_1_5,,3848772_1_02,,
3848772_1_6,,3848772_1_04,,
3848772_1_7,,3848772_1_03,,
3852003_1_3,,3852003_1_01,,
3852003_1_4,,3852003_1_02,,
3852003_1_5,,3852003_1_04,,
3852003_1_6,,3852003_1_03,,
3857876_1_4,,3857876_1_01,,
3857876_1_5,,3857876_1_02,,
3857876_1_6,,3857876_1_03,,
3857876_1_7,,3857876_1_04,,
3864492_1_4,,3864492_1_01,,
3864492_1_5,,3864492_1_02,,
3864492_1_6,,3864492_1_04,,
3864492_1_7,,3864492_1_03,,
3871381_1_4,,3871381_1_01,,
3871381_1_5,,3871381_1_02,,
3871381_1_6,,3871381_1_03,,
3871381_1_7,,3871381_1_04,,
3874230_1_3,,3874230_1_01,,
3874230_1_4,,3874230_1_02,,
3874230_1_5,,3874230_1_04,,
3874230_1_6,,3874230_1_03,,
3877723_1_4,,3877723_1_01,,
3877723_1_5,,3877723_1_02,,
3877723_1_6,,3877723_1_04,,
3877723_1_7,,3877723_1_03,,
3877723_2_4,,3877723_2_01,,
3877723_2_5,,3877723_2_02,,
3877723_2_6,,3877723_2_03,,
3877723_2_7,,3877723_2_04,,
3879677_1_4,,3879677_1_01,,
3879677_1_5,,3879677_1_02,,
3879677_1_6,,3879677_1_04,,
3879677_1_7,,3879677_1_03,,
3881702_1_4,,3881702_1_01,,
3881702_1_5,,3881702_1_02,,
3881702_1_6,,3881702_1_04,,
3881702_1_7,,3881702_1_03,,
3885549_1_4,,3885549_1_01,,
3885549_1_5,,3885549_1_02,,
3885549_1_6,,3885549_1_04,,
3885549_1_7,,3885549_1_03,,
3887996_1_5,,3887996_1_01,,
3887996_1_6,,3887996_1_02,,
3887996_1_7,,3887996_1_04,,
3887996_1_8,,3887996_1_03,,
3891744_1_4,,3891744_1_01,,
3891744_1_5,,3891744_1_02,,
3891744_1_6,,3891744_1_04,,
3891744_1_7,,3891744_1_03,,
3891756_1_4,,3891756_1_01,,
3891756_1_5,,3891756_1_02,,
3891756_1_6,,3891756_1_04,,
3891756_1_7,,3891756_1_03,,
3892797_1_4,,3892797_1_01,,
3892797_1_5,,3892797_1_02,,
3892797_1_6,,3892797_1_04,,
3892797_1_7,,3892797_1_03,,
3894745_1_4,,3894745_1_01,,
3894745_1_5,,3894745_1_02,,
3894745_1_6,,3894745_1_04,,
3894745_1_7,,3894745_1_03,,
3895129_1_4,,3895129_1_01,,
3895129_1_5,,3895129_1_02,,
3895129_1_6,,3895129_1_03,,
3895129_1_7,,3895129_1_04,,
3898143_1_4,,3898143_1_01,,
3898143_1_5,,3898143_1_02,,
3898143_1_6,,3898143_1_04,,
3898143_1_7,,3898143_1_03,,
3898660_1_4,,3898660_1_04,,
3898660_1_5,,3898660_1_03,,
3898660_1_6,,3898660_1_02,,
3898660_1_7,,3898660_1_01,,
3904258_1_3,,3904258_1_01,,
3904258_1_5,,3904258_1_04,,
3904258_1_6,,3904258_1_03,,
3904994_1_4,,3904994_1_01,,
3904994_1_5,,3904994_1_02,,
3904994_1_6,,3904994_1_03,,
3904994_1_7,,3904994_1_04,,
3905007_1_4,,3905007_1_01,,
3905007_1_5,,3905007_1_02,,
3905007_1_6,,3905007_1_04,,
3905007_1_8,,3905007_1_03,,
3905810_1_4,,3905810_1_01,,
3905810_1_5,,3905810_1_02,,
3905810_1_6,,3905810_1_04,,
3905810_1_7,,3905810_1_03,,
3911494_1_4,,3911494_1_01,,
3911494_1_5,,3911494_1_02,,
3911494_1_6,,3911494_1_04,,
3911494_1_7,,3911494_1_03,,
3911500_1_4,,3911500_1_01,,
3911500_1_5,,3911500_1_02,,
3911500_1_6,,3911500_1_04,,
3911500_1_7,,3911500_1_03,,
3912061_1_4,,3912061_1_01,,
3912061_1_5,,3912061_1_02,,
3912061_1_6,,3912061_1_04,,
3912061_1_7,,3912061_1_03,,
3912528_1_4,,3912528_1_01,,
3912528_1_5,,3912528_1_02,,
3912528_1_6,,3912528_1_04,,
3912528_1_7,,3912528_1_03,,
3912589_1_4,,3912589_1_01,,
3912589_1_5,,3912589_1_02,,
3912589_1_6,,3912589_1_03,,
3912589_1_7,,3912589_1_04,,
3912590_1_4,,3912590_1_01,,
3912590_1_5,,3912590_1_02,,
3912590_1_6,,3912590_1_03,,
3912590_1_7,,3912590_1_04,,
3915074_1_4,,3915074_1_01,,
3915074_1_5,,3915074_1_02,,
3915074_1_6,,3915074_1_04,,
3915074_1_7,,3915074_1_03,,
3915074_2_7,,3915074_2_04,,
3915530_1_5,,3915530_1_01,,
3915530_1_6,,3915530_1_02,,
3915530_1_7,,3915530_1_04,,
3915530_1_8,,3915530_1_03,,
3918488_1_3,,3918488_1_01,,
3918488_1_4,,3918488_1_02,,
3918488_1_5,,3918488_1_03,,
3918488_1_6,,3918488_1_04,,
3923241_1_4,,3923241_1_01,,
3923241_1_5,,3923241_1_02,,
3923241_1_6,,3923241_1_04,,
3923241_1_7,,3923241_1_03,,
3928688_1_5,,3928688_1_01,,
3928688_1_6,,3928688_1_02,,
3928688_1_7,,3928688_1_03,,
3928688_1_8,,3928688_1_04,,
3929954_1_4,,3929954_1_02,,
3929954_1_5,,3929954_1_04,,
3929954_1_6,,3929954_1_03,,
3930889_1_4,,3930889_1_01,,
3930889_1_5,,3930889_1_02,,
3930889_1_6,,3930889_1_04,,
3930889_1_7,,3930889_1_03,,
3931092_1_5,,3931092_1_03,,
3931092_1_6,,3931092_1_04,,
3936831_1_4,,3936831_1_01,,
3936831_1_5,,3936831_1_02,,
3936831_1_6,,3936831_1_03,,
3936831_1_7,,3936831_1_04,,
3936855_1_4,,3936855_1_01,,
3936855_1_5,,3936855_1_02,,
3936855_1_6,,3936855_1_04,,
3936855_1_7,,3936855_1_03,,
3941620_1_4,,3941620_1_01,,
3941620_1_5,,3941620_1_02,,
3941620_1_6,,3941620_1_04,,
3941620_1_7,,3941620_1_03,,
3948845_1_4,,3948845_1_01,,
3948845_1_5,,3948845_1_02,,
3948845_1_6,,3948845_1_04,,
3948845_1_7,,3948845_1_03,,
3955369_1_4,,3955369_1_01,,
3955369_1_5,,3955369_1_02,,
3955369_1_6,,3955369_1_04,,
3955369_1_7,,3955369_1_03,,
3959314_1_4,,3959314_1_01,,
3959314_1_5,,3959314_1_02,,
3959314_1_6,,3959314_1_04,,
3959314_1_7,,3959314_1_03,,
3969228_1_3,,3969228_1_01,,
3969228_1_4,,3969228_1_02,,
3969228_1_5,,3969228_1_04,,
3969228_1_6,,3969228_1_03,,
3969447_1_4,,3969447_1_01,,
3969447_1_5,,3969447_1_02,,
3969447_1_6,,3969447_1_04,,
3969447_1_7,,3969447_1_03,,
3970875_1_3,,3970875_1_01,,
3970875_1_4,,3970875_1_02,,
3970875_1_5,,3970875_1_04,,
3970875_1_6,,3970875_1_03,,
3970887_1_4,,3970887_1_01,,
3970887_1_5,,3970887_1_02,,
3970887_1_6,,3970887_1_04,,
3970887_1_7,,3970887_1_03,,
3971788_1_3,,3971788_1_01,,
3971788_1_4,,3971788_1_02,,
3971788_1_5,,3971788_1_04,,
3971788_1_6,,3971788_1_03,,
3982506_1_3,,3982506_1_01,,
3982506_1_4,,3982506_1_02,,
3982506_1_5,,3982506_1_04,,
3982506_1_6,,3982506_1_03,,
3993048_1_4,,3993048_1_01,,
3993048_1_5,,3993048_1_02,,
3993048_1_6,,3993048_1_04,,
3993048_1_7,,3993048_1_03,,
4047539_1_4,,4047539_1_01,,
4047539_1_5,,4047539_1_02,,
4047539_1_6,,4047539_1_04,,
4047539_1_7,,4047539_1_03,,
